[2025-11-24 20:47:02] INFO - 配置已写入 /home/aaa/Kaggle-Series-Competition/CSIRO-Image2Biomass-Prediction/experiments/v4_crosspvt_t2t_mamba/config.yaml
[2025-11-24 20:47:02] INFO - === 启动 v4 CrossPVT T2T Mamba 训练 ===
[2025-11-24 20:47:02] INFO - 设备: cuda, 混合精度: True
[2025-11-24 20:47:02] INFO - 实验目录: /home/aaa/Kaggle-Series-Competition/CSIRO-Image2Biomass-Prediction/experiments/v4_crosspvt_t2t_mamba
[2025-11-24 20:47:02] INFO - 数据样本: 357
[2025-11-24 20:47:05] INFO - ✅ 使用 DINO 主干: vit_base_patch14_dinov2 | global_pool=token | feat_dim=768 | input_res=518
[2025-11-24 20:47:05] INFO - [Fold 0] Backbone: vit_base_patch14_dinov2 | 输入分辨率: 518
[2025-11-24 20:47:05] INFO - [Fold 0] Params: total=140.55M, trainable=140.55M
[2025-11-24 20:47:06] INFO - [Fold 0] 使用多 GPU (DataParallel)
[2025-11-24 20:48:15] INFO - [Fold 0] 训练开始，起始 epoch=1，stage=1
[2025-11-24 21:06:54] INFO - 配置已写入 /home/aaa/Kaggle-Series-Competition/CSIRO-Image2Biomass-Prediction/experiments/v4_crosspvt_t2t_mamba/config.yaml
[2025-11-24 21:06:54] INFO - === 启动 v4 CrossPVT T2T Mamba 训练 ===
[2025-11-24 21:06:54] INFO - 设备: cuda, 混合精度: True
[2025-11-24 21:06:54] INFO - 实验目录: /home/aaa/Kaggle-Series-Competition/CSIRO-Image2Biomass-Prediction/experiments/v4_crosspvt_t2t_mamba
[2025-11-24 21:06:54] INFO - 数据样本: 357
[2025-11-24 21:06:57] INFO - ✅ 使用 DINO 主干: vit_base_patch14_dinov2 | global_pool=token | feat_dim=768 | input_res=518
[2025-11-24 21:06:58] INFO - [Fold 0] Backbone: vit_base_patch14_dinov2 | 输入分辨率: 518
[2025-11-24 21:06:58] INFO - [Fold 0] Params: total=140.55M, trainable=140.55M
[2025-11-24 21:06:58] INFO - [Fold 0] 使用多 GPU (DataParallel)
[2025-11-24 21:07:01] INFO - [Fold 0] 训练开始，起始 epoch=1，stage=1
[2025-11-24 21:25:14] INFO - 配置已写入 /home/aaa/Kaggle-Series-Competition/CSIRO-Image2Biomass-Prediction/experiments/v4_crosspvt_t2t_mamba/config.yaml
[2025-11-24 21:25:14] INFO - === 启动 v4 CrossPVT T2T Mamba 训练 ===
[2025-11-24 21:25:14] INFO - 设备: cuda, 混合精度: True
[2025-11-24 21:25:14] INFO - 实验目录: /home/aaa/Kaggle-Series-Competition/CSIRO-Image2Biomass-Prediction/experiments/v4_crosspvt_t2t_mamba
[2025-11-24 21:25:15] INFO - 数据样本: 357
[2025-11-24 21:25:18] INFO - ✅ 使用 DINO 主干: vit_base_patch14_dinov2 | global_pool=token | feat_dim=768 | input_res=518
[2025-11-24 21:25:18] INFO - [Fold 0] Backbone: vit_base_patch14_dinov2 | 输入分辨率: 518
[2025-11-24 21:25:18] INFO - [Fold 0] Params: total=140.55M, trainable=140.55M
[2025-11-24 21:25:19] INFO - [Fold 0] 使用多 GPU (DataParallel)
[2025-11-24 21:25:21] INFO - [Fold 0] 训练开始，起始 epoch=1，stage=1
[2025-11-24 21:43:17] INFO - 配置已写入 /home/aaa/Kaggle-Series-Competition/CSIRO-Image2Biomass-Prediction/experiments/v4_crosspvt_t2t_mamba/config.yaml
[2025-11-24 21:43:17] INFO - === 启动 v4 CrossPVT T2T Mamba 训练 ===
[2025-11-24 21:43:17] INFO - 设备: cuda, 混合精度: True
[2025-11-24 21:43:17] INFO - 实验目录: /home/aaa/Kaggle-Series-Competition/CSIRO-Image2Biomass-Prediction/experiments/v4_crosspvt_t2t_mamba
[2025-11-24 21:43:17] INFO - 数据样本: 357
[2025-11-24 21:43:20] INFO - ✅ 使用 DINO 主干: vit_base_patch14_dinov2 | global_pool=token | feat_dim=768 | input_res=518
[2025-11-24 21:43:20] INFO - [Fold 0] Backbone: vit_base_patch14_dinov2 | 输入分辨率: 518
[2025-11-24 21:43:20] INFO - [Fold 0] Params: total=140.55M, trainable=140.55M
[2025-11-24 21:43:20] INFO - [Fold 0] 使用多 GPU (DataParallel)
[2025-11-24 21:43:31] INFO - [Fold 0] 训练开始，起始 epoch=1，stage=1
[2025-11-24 21:52:38] INFO - 配置已写入 /home/aaa/Kaggle-Series-Competition/CSIRO-Image2Biomass-Prediction/experiments/v4_crosspvt_t2t_mamba/config.yaml
[2025-11-24 21:52:38] INFO - === 启动 v4 CrossPVT T2T Mamba 训练 ===
[2025-11-24 21:52:38] INFO - 设备: cuda, 混合精度: True
[2025-11-24 21:52:38] INFO - 实验目录: /home/aaa/Kaggle-Series-Competition/CSIRO-Image2Biomass-Prediction/experiments/v4_crosspvt_t2t_mamba
[2025-11-24 21:52:38] INFO - 数据样本: 357
[2025-11-24 21:52:41] INFO - ✅ 使用 DINO 主干: vit_base_patch14_dinov2 | global_pool=token | feat_dim=768 | input_res=518
[2025-11-24 21:52:41] INFO - [Fold 0] Backbone: vit_base_patch14_dinov2 | 输入分辨率: 518
[2025-11-24 21:52:41] INFO - [Fold 0] Params: total=140.55M, trainable=140.55M
[2025-11-24 21:52:42] INFO - [Fold 0] 使用多 GPU (DataParallel)
[2025-11-24 21:52:48] INFO - [Fold 0] 训练开始，起始 epoch=1，stage=1
[2025-11-24 22:03:23] INFO - 配置已写入 /home/aaa/Kaggle-Series-Competition/CSIRO-Image2Biomass-Prediction/experiments/v4_crosspvt_t2t_mamba/config.yaml
[2025-11-24 22:03:23] INFO - === 启动 v4 CrossPVT T2T Mamba 训练 ===
[2025-11-24 22:03:23] INFO - 设备: cuda, 混合精度: True
[2025-11-24 22:03:23] INFO - 实验目录: /home/aaa/Kaggle-Series-Competition/CSIRO-Image2Biomass-Prediction/experiments/v4_crosspvt_t2t_mamba
[2025-11-24 22:03:23] INFO - 数据样本: 357
[2025-11-24 22:03:26] INFO - ✅ 使用 DINO 主干: vit_base_patch14_dinov2 | global_pool=token | feat_dim=768 | input_res=518
[2025-11-24 22:03:26] INFO - [Fold 0] Backbone: vit_base_patch14_dinov2 | 输入分辨率: 518
[2025-11-24 22:03:26] INFO - [Fold 0] Params: total=140.55M, trainable=140.55M
[2025-11-24 22:03:26] INFO - [Fold 0] 使用多 GPU (DataParallel)
[2025-11-24 22:03:33] INFO - [Fold 0] 训练开始，起始 epoch=1，stage=1
[2025-11-24 22:09:06] INFO - 配置已写入 /home/aaa/Kaggle-Series-Competition/CSIRO-Image2Biomass-Prediction/experiments/v4_crosspvt_t2t_mamba/config.yaml
[2025-11-24 22:09:06] INFO - === 启动 v4 CrossPVT T2T Mamba 训练 ===
[2025-11-24 22:09:06] INFO - 设备: cuda, 混合精度: True
[2025-11-24 22:09:06] INFO - 实验目录: /home/aaa/Kaggle-Series-Competition/CSIRO-Image2Biomass-Prediction/experiments/v4_crosspvt_t2t_mamba
[2025-11-24 22:09:06] INFO - 数据样本: 357
[2025-11-24 22:09:09] INFO - ✅ 使用 DINO 主干: vit_base_patch14_dinov2 | global_pool=token | feat_dim=768 | input_res=518
[2025-11-24 22:09:09] INFO - [Fold 0] Backbone: vit_base_patch14_dinov2 | 输入分辨率: 518
[2025-11-24 22:09:09] INFO - [Fold 0] Params: total=140.55M, trainable=140.55M
[2025-11-24 22:09:10] INFO - [Fold 0] 使用多 GPU (DataParallel)
[2025-11-24 22:09:13] INFO - [Fold 0] 训练开始，起始 epoch=1，stage=1
[2025-11-24 22:13:44] INFO - 配置已写入 /home/aaa/Kaggle-Series-Competition/CSIRO-Image2Biomass-Prediction/experiments/v4_crosspvt_t2t_mamba/config.yaml
[2025-11-24 22:13:44] INFO - === 启动 v4 CrossPVT T2T Mamba 训练 ===
[2025-11-24 22:13:44] INFO - 设备: cuda, 混合精度: True
[2025-11-24 22:13:44] INFO - 实验目录: /home/aaa/Kaggle-Series-Competition/CSIRO-Image2Biomass-Prediction/experiments/v4_crosspvt_t2t_mamba
[2025-11-24 22:13:44] INFO - 数据样本: 357
[2025-11-24 22:13:47] INFO - ✅ 使用 DINO 主干: vit_base_patch14_dinov2 | global_pool=token | feat_dim=768 | input_res=518
[2025-11-24 22:13:47] INFO - [Fold 0] Backbone: vit_base_patch14_dinov2 | 输入分辨率: 518
[2025-11-24 22:13:47] INFO - [Fold 0] Params: total=140.55M, trainable=140.55M
[2025-11-24 22:13:47] INFO - [Fold 0] 使用多 GPU (DataParallel)
[2025-11-24 22:13:51] INFO - [Fold 0] 训练开始，起始 epoch=1，stage=1
[2025-11-24 22:17:15] INFO - [Fold 0] Epoch 1/60 | Stage 1 | TrainLoss 1720.5570 | ValLoss 733.7989 | WR2 -0.0177 | R2_total 0.038 | R2_gdm 0.022 | LR 1.00e-04
[2025-11-24 22:20:40] INFO - [Fold 0] Epoch 2/60 | Stage 1 | TrainLoss 886.6231 | ValLoss 369.8480 | WR2 0.4129 | R2_total 0.553 | R2_gdm 0.568 | LR 1.00e-04
[2025-11-24 22:24:06] INFO - [Fold 0] Epoch 3/60 | Stage 1 | TrainLoss 696.6425 | ValLoss 366.9085 | WR2 0.4280 | R2_total 0.565 | R2_gdm 0.515 | LR 1.00e-04
[2025-11-24 22:27:32] INFO - [Fold 0] Epoch 4/60 | Stage 1 | TrainLoss 650.8690 | ValLoss 361.2336 | WR2 0.4320 | R2_total 0.564 | R2_gdm 0.522 | LR 1.00e-04
[2025-11-24 22:30:58] INFO - [Fold 0] Epoch 5/60 | Stage 1 | TrainLoss 654.9795 | ValLoss 383.6452 | WR2 0.4093 | R2_total 0.535 | R2_gdm 0.484 | LR 1.00e-04
[2025-11-24 22:31:00] INFO - [Fold 0] 进入 Stage 2（解冻）
[2025-11-24 22:41:32] INFO - [Fold 0] Epoch 6/60 | Stage 2 | TrainLoss 764.5395 | ValLoss 477.0727 | WR2 0.3042 | R2_total 0.360 | R2_gdm 0.424 | LR 9.99e-06
[2025-11-24 22:52:07] INFO - [Fold 0] Epoch 7/60 | Stage 2 | TrainLoss 681.8224 | ValLoss 413.3002 | WR2 0.3787 | R2_total 0.472 | R2_gdm 0.480 | LR 9.97e-06
[2025-11-24 23:02:42] INFO - [Fold 0] Epoch 8/60 | Stage 2 | TrainLoss 651.3440 | ValLoss 455.1798 | WR2 0.3302 | R2_total 0.397 | R2_gdm 0.435 | LR 9.93e-06
[2025-11-24 23:13:17] INFO - [Fold 0] Epoch 9/60 | Stage 2 | TrainLoss 607.3715 | ValLoss 420.4918 | WR2 0.3623 | R2_total 0.504 | R2_gdm 0.357 | LR 9.88e-06
[2025-11-24 23:23:52] INFO - [Fold 0] Epoch 10/60 | Stage 2 | TrainLoss 574.5079 | ValLoss 341.3187 | WR2 0.4565 | R2_total 0.574 | R2_gdm 0.562 | LR 9.82e-06
[2025-11-24 23:34:34] INFO - [Fold 0] Epoch 11/60 | Stage 2 | TrainLoss 565.7713 | ValLoss 331.3355 | WR2 0.4719 | R2_total 0.606 | R2_gdm 0.558 | LR 9.74e-06
[2025-11-24 23:45:16] INFO - [Fold 0] Epoch 12/60 | Stage 2 | TrainLoss 608.6477 | ValLoss 615.9136 | WR2 0.1459 | R2_total 0.170 | R2_gdm 0.206 | LR 9.65e-06
[2025-11-24 23:55:52] INFO - [Fold 0] Epoch 13/60 | Stage 2 | TrainLoss 600.9402 | ValLoss 357.2430 | WR2 0.4448 | R2_total 0.552 | R2_gdm 0.566 | LR 9.54e-06
[2025-11-25 00:06:26] INFO - [Fold 0] Epoch 14/60 | Stage 2 | TrainLoss 611.5217 | ValLoss 380.2516 | WR2 0.4168 | R2_total 0.534 | R2_gdm 0.484 | LR 9.42e-06
[2025-11-25 00:17:36] INFO - [Fold 0] Epoch 15/60 | Stage 2 | TrainLoss 560.3228 | ValLoss 616.0340 | WR2 0.1463 | R2_total 0.177 | R2_gdm 0.207 | LR 9.29e-06
[2025-11-25 00:29:01] INFO - [Fold 0] Epoch 16/60 | Stage 2 | TrainLoss 591.1564 | ValLoss 343.4952 | WR2 0.4595 | R2_total 0.577 | R2_gdm 0.573 | LR 9.14e-06
[2025-11-25 00:40:00] INFO - [Fold 0] Epoch 17/60 | Stage 2 | TrainLoss 554.4024 | ValLoss 397.6157 | WR2 0.3982 | R2_total 0.506 | R2_gdm 0.481 | LR 8.98e-06
[2025-11-25 00:51:12] INFO - [Fold 0] Epoch 18/60 | Stage 2 | TrainLoss 582.4646 | ValLoss 370.1703 | WR2 0.4303 | R2_total 0.542 | R2_gdm 0.533 | LR 8.82e-06
[2025-11-25 01:02:32] INFO - [Fold 0] Epoch 19/60 | Stage 2 | TrainLoss 546.7133 | ValLoss 358.5781 | WR2 0.4423 | R2_total 0.553 | R2_gdm 0.549 | LR 8.64e-06
[2025-11-25 01:13:55] INFO - [Fold 0] Epoch 20/60 | Stage 2 | TrainLoss 518.1837 | ValLoss 336.0767 | WR2 0.4685 | R2_total 0.584 | R2_gdm 0.579 | LR 8.45e-06
[2025-11-25 01:25:19] INFO - [Fold 0] Epoch 21/60 | Stage 2 | TrainLoss 514.0602 | ValLoss 341.0612 | WR2 0.4624 | R2_total 0.581 | R2_gdm 0.562 | LR 8.25e-06
[2025-11-25 01:36:40] INFO - [Fold 0] Epoch 22/60 | Stage 2 | TrainLoss 515.7802 | ValLoss 397.3291 | WR2 0.3985 | R2_total 0.494 | R2_gdm 0.508 | LR 8.04e-06
[2025-11-25 01:48:01] INFO - [Fold 0] Epoch 23/60 | Stage 2 | TrainLoss 511.2613 | ValLoss 335.0210 | WR2 0.4673 | R2_total 0.605 | R2_gdm 0.535 | LR 7.82e-06
[2025-11-25 01:59:20] INFO - [Fold 0] Epoch 24/60 | Stage 2 | TrainLoss 500.5179 | ValLoss 333.1196 | WR2 0.4718 | R2_total 0.592 | R2_gdm 0.580 | LR 7.60e-06
[2025-11-25 02:10:40] INFO - [Fold 0] Epoch 25/60 | Stage 2 | TrainLoss 510.0382 | ValLoss 361.5174 | WR2 0.4404 | R2_total 0.554 | R2_gdm 0.535 | LR 7.37e-06
[2025-11-25 02:21:56] INFO - [Fold 0] Epoch 26/60 | Stage 2 | TrainLoss 493.1246 | ValLoss 347.4680 | WR2 0.4574 | R2_total 0.570 | R2_gdm 0.565 | LR 7.13e-06
[2025-11-25 02:33:15] INFO - [Fold 0] Epoch 27/60 | Stage 2 | TrainLoss 488.8897 | ValLoss 331.3236 | WR2 0.4768 | R2_total 0.593 | R2_gdm 0.601 | LR 6.89e-06
[2025-11-25 02:44:43] INFO - [Fold 0] Epoch 28/60 | Stage 2 | TrainLoss 481.2674 | ValLoss 306.8471 | WR2 0.5030 | R2_total 0.637 | R2_gdm 0.596 | LR 6.64e-06
[2025-11-25 02:56:11] INFO - [Fold 0] Epoch 29/60 | Stage 2 | TrainLoss 484.4213 | ValLoss 333.7788 | WR2 0.4745 | R2_total 0.588 | R2_gdm 0.607 | LR 6.39e-06
[2025-11-25 03:07:37] INFO - [Fold 0] Epoch 30/60 | Stage 2 | TrainLoss 478.8010 | ValLoss 326.2203 | WR2 0.4826 | R2_total 0.601 | R2_gdm 0.597 | LR 6.14e-06
[2025-11-25 03:19:01] INFO - [Fold 0] Epoch 31/60 | Stage 2 | TrainLoss 471.9686 | ValLoss 367.6763 | WR2 0.4345 | R2_total 0.549 | R2_gdm 0.509 | LR 5.89e-06
[2025-11-25 03:30:25] INFO - [Fold 0] Epoch 32/60 | Stage 2 | TrainLoss 492.2568 | ValLoss 353.4798 | WR2 0.4530 | R2_total 0.565 | R2_gdm 0.539 | LR 5.63e-06
[2025-11-25 03:41:52] INFO - [Fold 0] Epoch 33/60 | Stage 2 | TrainLoss 476.4672 | ValLoss 305.0850 | WR2 0.5081 | R2_total 0.632 | R2_gdm 0.624 | LR 5.37e-06
[2025-11-25 03:53:24] INFO - [Fold 0] Epoch 34/60 | Stage 2 | TrainLoss 475.4263 | ValLoss 367.7850 | WR2 0.4407 | R2_total 0.535 | R2_gdm 0.573 | LR 5.11e-06
[2025-11-25 04:04:50] INFO - [Fold 0] Epoch 35/60 | Stage 2 | TrainLoss 470.6503 | ValLoss 290.8842 | WR2 0.5253 | R2_total 0.652 | R2_gdm 0.640 | LR 4.86e-06
[2025-11-25 04:16:21] INFO - [Fold 0] Epoch 36/60 | Stage 2 | TrainLoss 465.4984 | ValLoss 317.0227 | WR2 0.4982 | R2_total 0.612 | R2_gdm 0.612 | LR 4.61e-06
[2025-11-25 04:27:48] INFO - [Fold 0] Epoch 37/60 | Stage 2 | TrainLoss 459.8385 | ValLoss 314.2101 | WR2 0.5026 | R2_total 0.624 | R2_gdm 0.597 | LR 4.36e-06
[2025-11-25 04:39:11] INFO - [Fold 0] Epoch 38/60 | Stage 2 | TrainLoss 461.3797 | ValLoss 306.8241 | WR2 0.5138 | R2_total 0.626 | R2_gdm 0.634 | LR 4.11e-06
[2025-11-25 04:50:31] INFO - [Fold 0] Epoch 39/60 | Stage 2 | TrainLoss 457.7601 | ValLoss 294.0729 | WR2 0.5275 | R2_total 0.635 | R2_gdm 0.667 | LR 3.87e-06
[2025-11-25 05:01:54] INFO - [Fold 0] Epoch 40/60 | Stage 2 | TrainLoss 454.0743 | ValLoss 334.6739 | WR2 0.4835 | R2_total 0.584 | R2_gdm 0.590 | LR 3.63e-06
[2025-11-25 05:13:13] INFO - [Fold 0] Epoch 41/60 | Stage 2 | TrainLoss 449.3775 | ValLoss 280.4327 | WR2 0.5470 | R2_total 0.664 | R2_gdm 0.654 | LR 3.40e-06
[2025-11-25 05:24:40] INFO - [Fold 0] Epoch 42/60 | Stage 2 | TrainLoss 445.7727 | ValLoss 331.7616 | WR2 0.4917 | R2_total 0.586 | R2_gdm 0.600 | LR 3.18e-06
[2025-11-25 05:36:01] INFO - [Fold 0] Epoch 43/60 | Stage 2 | TrainLoss 439.5799 | ValLoss 305.5779 | WR2 0.5214 | R2_total 0.613 | R2_gdm 0.651 | LR 2.96e-06
[2025-11-25 05:47:19] INFO - [Fold 0] Epoch 44/60 | Stage 2 | TrainLoss 443.5871 | ValLoss 319.2516 | WR2 0.5080 | R2_total 0.603 | R2_gdm 0.605 | LR 2.75e-06
[2025-11-25 05:58:41] INFO - [Fold 0] Epoch 45/60 | Stage 2 | TrainLoss 440.5841 | ValLoss 305.5846 | WR2 0.5262 | R2_total 0.619 | R2_gdm 0.636 | LR 2.55e-06
[2025-11-25 06:10:02] INFO - [Fold 0] Epoch 46/60 | Stage 2 | TrainLoss 438.6408 | ValLoss 285.5356 | WR2 0.5502 | R2_total 0.648 | R2_gdm 0.660 | LR 2.36e-06
[2025-11-25 06:21:26] INFO - [Fold 0] Epoch 47/60 | Stage 2 | TrainLoss 435.7591 | ValLoss 291.4593 | WR2 0.5432 | R2_total 0.645 | R2_gdm 0.636 | LR 2.18e-06
[2025-11-25 06:32:48] INFO - [Fold 0] Epoch 48/60 | Stage 2 | TrainLoss 436.3464 | ValLoss 301.0837 | WR2 0.5343 | R2_total 0.622 | R2_gdm 0.643 | LR 2.02e-06
[2025-11-25 06:44:06] INFO - [Fold 0] Epoch 49/60 | Stage 2 | TrainLoss 433.7113 | ValLoss 295.9367 | WR2 0.5400 | R2_total 0.628 | R2_gdm 0.654 | LR 1.86e-06
[2025-11-25 06:55:00] INFO - [Fold 0] Epoch 50/60 | Stage 2 | TrainLoss 426.4407 | ValLoss 283.7054 | WR2 0.5541 | R2_total 0.649 | R2_gdm 0.656 | LR 1.71e-06
[2025-11-25 07:06:29] INFO - [Fold 0] Epoch 51/60 | Stage 2 | TrainLoss 434.3275 | ValLoss 263.1820 | WR2 0.5788 | R2_total 0.675 | R2_gdm 0.692 | LR 1.58e-06
[2025-11-25 07:18:04] INFO - [Fold 0] Epoch 52/60 | Stage 2 | TrainLoss 427.5690 | ValLoss 282.8630 | WR2 0.5570 | R2_total 0.654 | R2_gdm 0.652 | LR 1.46e-06
[2025-11-25 07:29:30] INFO - [Fold 0] Epoch 53/60 | Stage 2 | TrainLoss 426.4015 | ValLoss 309.4915 | WR2 0.5268 | R2_total 0.617 | R2_gdm 0.616 | LR 1.35e-06
[2025-11-25 07:40:59] INFO - [Fold 0] Epoch 54/60 | Stage 2 | TrainLoss 429.9238 | ValLoss 285.3687 | WR2 0.5541 | R2_total 0.649 | R2_gdm 0.646 | LR 1.26e-06
[2025-11-25 07:52:28] INFO - [Fold 0] Epoch 55/60 | Stage 2 | TrainLoss 427.5549 | ValLoss 290.5946 | WR2 0.5494 | R2_total 0.637 | R2_gdm 0.652 | LR 1.18e-06
[2025-11-25 08:03:57] INFO - [Fold 0] Epoch 56/60 | Stage 2 | TrainLoss 429.5511 | ValLoss 301.3344 | WR2 0.5376 | R2_total 0.625 | R2_gdm 0.632 | LR 1.12e-06
[2025-11-25 08:15:28] INFO - [Fold 0] Epoch 57/60 | Stage 2 | TrainLoss 428.7194 | ValLoss 291.4491 | WR2 0.5486 | R2_total 0.634 | R2_gdm 0.652 | LR 1.07e-06
[2025-11-25 08:26:56] INFO - [Fold 0] Epoch 58/60 | Stage 2 | TrainLoss 428.2124 | ValLoss 291.0366 | WR2 0.5500 | R2_total 0.637 | R2_gdm 0.649 | LR 1.03e-06
[2025-11-25 08:38:25] INFO - [Fold 0] Epoch 59/60 | Stage 2 | TrainLoss 428.0937 | ValLoss 286.7783 | WR2 0.5548 | R2_total 0.640 | R2_gdm 0.659 | LR 1.01e-06
[2025-11-25 08:49:55] INFO - [Fold 0] Epoch 60/60 | Stage 2 | TrainLoss 425.8499 | ValLoss 276.1676 | WR2 0.5669 | R2_total 0.652 | R2_gdm 0.684 | LR 1.00e-06
[2025-11-25 08:50:04] INFO - ✅ 使用 DINO 主干: vit_base_patch14_dinov2 | global_pool=token | feat_dim=768 | input_res=518
[2025-11-25 08:50:04] INFO - [Fold 1] Backbone: vit_base_patch14_dinov2 | 输入分辨率: 518
[2025-11-25 08:50:04] INFO - [Fold 1] Params: total=140.55M, trainable=140.55M
[2025-11-25 08:50:04] INFO - [Fold 1] 使用多 GPU (DataParallel)
[2025-11-25 08:50:06] INFO - [Fold 1] 训练开始，起始 epoch=1，stage=1
[2025-11-25 08:53:39] INFO - [Fold 1] Epoch 1/60 | Stage 1 | TrainLoss 1827.3670 | ValLoss 528.9541 | WR2 -0.2673 | R2_total 0.000 | R2_gdm -0.029 | LR 1.00e-04
[2025-11-25 08:57:16] INFO - [Fold 1] Epoch 2/60 | Stage 1 | TrainLoss 961.8288 | ValLoss 292.7730 | WR2 0.1113 | R2_total 0.479 | R2_gdm 0.454 | LR 1.00e-04
[2025-11-25 09:00:54] INFO - [Fold 1] Epoch 3/60 | Stage 1 | TrainLoss 804.6789 | ValLoss 234.8778 | WR2 0.3853 | R2_total 0.565 | R2_gdm 0.593 | LR 1.00e-04
[2025-11-25 09:04:32] INFO - [Fold 1] Epoch 4/60 | Stage 1 | TrainLoss 840.5429 | ValLoss 209.2749 | WR2 0.4101 | R2_total 0.611 | R2_gdm 0.629 | LR 1.00e-04
[2025-11-25 09:08:11] INFO - [Fold 1] Epoch 5/60 | Stage 1 | TrainLoss 689.9543 | ValLoss 179.8311 | WR2 0.4375 | R2_total 0.674 | R2_gdm 0.667 | LR 1.00e-04
[2025-11-25 09:08:15] INFO - [Fold 1] 进入 Stage 2（解冻）
[2025-11-25 09:19:50] INFO - [Fold 1] Epoch 6/60 | Stage 2 | TrainLoss 1110.9818 | ValLoss 239.3265 | WR2 0.3764 | R2_total 0.561 | R2_gdm 0.551 | LR 9.99e-06
[2025-11-25 09:31:25] INFO - [Fold 1] Epoch 7/60 | Stage 2 | TrainLoss 691.6155 | ValLoss 197.4034 | WR2 0.4401 | R2_total 0.631 | R2_gdm 0.689 | LR 9.97e-06
[2025-11-25 09:43:03] INFO - [Fold 1] Epoch 8/60 | Stage 2 | TrainLoss 735.5784 | ValLoss 468.8199 | WR2 -0.1425 | R2_total 0.089 | R2_gdm -0.126 | LR 9.93e-06
[2025-11-25 09:54:38] INFO - [Fold 1] Epoch 9/60 | Stage 2 | TrainLoss 679.7809 | ValLoss 205.8139 | WR2 0.3808 | R2_total 0.627 | R2_gdm 0.608 | LR 9.88e-06
[2025-11-25 10:06:12] INFO - [Fold 1] Epoch 10/60 | Stage 2 | TrainLoss 649.7879 | ValLoss 208.5604 | WR2 0.3647 | R2_total 0.599 | R2_gdm 0.651 | LR 9.82e-06
[2025-11-25 10:17:48] INFO - [Fold 1] Epoch 11/60 | Stage 2 | TrainLoss 655.5368 | ValLoss 196.5572 | WR2 0.4207 | R2_total 0.630 | R2_gdm 0.701 | LR 9.74e-06
[2025-11-25 10:29:23] INFO - [Fold 1] Epoch 12/60 | Stage 2 | TrainLoss 604.5020 | ValLoss 190.2911 | WR2 0.4230 | R2_total 0.663 | R2_gdm 0.654 | LR 9.65e-06
[2025-11-25 10:40:58] INFO - [Fold 1] Epoch 13/60 | Stage 2 | TrainLoss 631.6354 | ValLoss 199.1629 | WR2 0.3702 | R2_total 0.640 | R2_gdm 0.609 | LR 9.54e-06
[2025-11-25 10:52:33] INFO - [Fold 1] Epoch 14/60 | Stage 2 | TrainLoss 619.3147 | ValLoss 275.6880 | WR2 0.2233 | R2_total 0.485 | R2_gdm 0.381 | LR 9.42e-06
[2025-11-25 11:04:08] INFO - [Fold 1] Epoch 15/60 | Stage 2 | TrainLoss 596.1288 | ValLoss 215.7446 | WR2 0.3311 | R2_total 0.623 | R2_gdm 0.488 | LR 9.29e-06
[2025-11-25 11:15:42] INFO - [Fold 1] Epoch 16/60 | Stage 2 | TrainLoss 572.4028 | ValLoss 249.8954 | WR2 0.3549 | R2_total 0.524 | R2_gdm 0.567 | LR 9.14e-06
[2025-11-25 11:27:16] INFO - [Fold 1] Epoch 17/60 | Stage 2 | TrainLoss 579.6597 | ValLoss 192.9512 | WR2 0.4245 | R2_total 0.626 | R2_gdm 0.703 | LR 8.98e-06
[2025-11-25 11:38:51] INFO - [Fold 1] Epoch 18/60 | Stage 2 | TrainLoss 575.3192 | ValLoss 169.7260 | WR2 0.4370 | R2_total 0.694 | R2_gdm 0.669 | LR 8.82e-06
[2025-11-25 11:50:28] INFO - [Fold 1] Epoch 19/60 | Stage 2 | TrainLoss 567.0568 | ValLoss 213.7448 | WR2 0.3760 | R2_total 0.606 | R2_gdm 0.575 | LR 8.64e-06
[2025-11-25 12:02:03] INFO - [Fold 1] Epoch 20/60 | Stage 2 | TrainLoss 559.2545 | ValLoss 171.5969 | WR2 0.4422 | R2_total 0.692 | R2_gdm 0.662 | LR 8.45e-06
[2025-11-25 12:13:40] INFO - [Fold 1] Epoch 21/60 | Stage 2 | TrainLoss 558.7100 | ValLoss 201.4267 | WR2 0.4013 | R2_total 0.655 | R2_gdm 0.536 | LR 8.25e-06
[2025-11-25 12:25:14] INFO - [Fold 1] Epoch 22/60 | Stage 2 | TrainLoss 544.6529 | ValLoss 168.5817 | WR2 0.4746 | R2_total 0.706 | R2_gdm 0.686 | LR 8.04e-06
[2025-11-25 12:36:53] INFO - [Fold 1] Epoch 23/60 | Stage 2 | TrainLoss 554.2636 | ValLoss 167.0028 | WR2 0.4780 | R2_total 0.717 | R2_gdm 0.670 | LR 7.82e-06
[2025-11-25 12:48:33] INFO - [Fold 1] Epoch 24/60 | Stage 2 | TrainLoss 564.7997 | ValLoss 245.2669 | WR2 0.3130 | R2_total 0.520 | R2_gdm 0.506 | LR 7.60e-06
[2025-11-25 12:59:42] INFO - [Fold 1] Epoch 25/60 | Stage 2 | TrainLoss 540.2844 | ValLoss 189.8757 | WR2 0.4345 | R2_total 0.643 | R2_gdm 0.644 | LR 7.37e-06
[2025-11-25 13:10:59] INFO - [Fold 1] Epoch 26/60 | Stage 2 | TrainLoss 539.5117 | ValLoss 182.1869 | WR2 0.4554 | R2_total 0.667 | R2_gdm 0.658 | LR 7.13e-06
[2025-11-25 13:22:24] INFO - [Fold 1] Epoch 27/60 | Stage 2 | TrainLoss 530.3965 | ValLoss 212.9043 | WR2 0.3780 | R2_total 0.595 | R2_gdm 0.573 | LR 6.89e-06
[2025-11-25 13:33:46] INFO - [Fold 1] Epoch 28/60 | Stage 2 | TrainLoss 528.8975 | ValLoss 213.9042 | WR2 0.3965 | R2_total 0.592 | R2_gdm 0.591 | LR 6.64e-06
[2025-11-25 13:45:15] INFO - [Fold 1] Epoch 29/60 | Stage 2 | TrainLoss 539.4283 | ValLoss 175.8217 | WR2 0.4675 | R2_total 0.672 | R2_gdm 0.686 | LR 6.39e-06
[2025-11-25 13:56:46] INFO - [Fold 1] Epoch 30/60 | Stage 2 | TrainLoss 519.4027 | ValLoss 208.4670 | WR2 0.4094 | R2_total 0.606 | R2_gdm 0.593 | LR 6.14e-06
[2025-11-25 14:08:16] INFO - [Fold 1] Epoch 31/60 | Stage 2 | TrainLoss 517.7632 | ValLoss 192.7548 | WR2 0.4550 | R2_total 0.646 | R2_gdm 0.639 | LR 5.89e-06
[2025-11-25 14:19:47] INFO - [Fold 1] Epoch 32/60 | Stage 2 | TrainLoss 513.5393 | ValLoss 200.9741 | WR2 0.4261 | R2_total 0.610 | R2_gdm 0.626 | LR 5.63e-06
[2025-11-25 14:31:19] INFO - [Fold 1] Epoch 33/60 | Stage 2 | TrainLoss 513.3540 | ValLoss 245.6483 | WR2 0.3542 | R2_total 0.528 | R2_gdm 0.491 | LR 5.37e-06
[2025-11-25 14:42:48] INFO - [Fold 1] Epoch 34/60 | Stage 2 | TrainLoss 508.8324 | ValLoss 242.6349 | WR2 0.3523 | R2_total 0.527 | R2_gdm 0.508 | LR 5.11e-06
[2025-11-25 14:54:14] INFO - [Fold 1] Epoch 35/60 | Stage 2 | TrainLoss 497.0519 | ValLoss 223.9916 | WR2 0.3860 | R2_total 0.562 | R2_gdm 0.566 | LR 4.86e-06
[2025-11-25 15:05:45] INFO - [Fold 1] Epoch 36/60 | Stage 2 | TrainLoss 498.8772 | ValLoss 202.6753 | WR2 0.4409 | R2_total 0.609 | R2_gdm 0.635 | LR 4.61e-06
[2025-11-25 15:17:15] INFO - [Fold 1] Epoch 37/60 | Stage 2 | TrainLoss 500.5169 | ValLoss 163.7878 | WR2 0.5036 | R2_total 0.694 | R2_gdm 0.705 | LR 4.36e-06
[2025-11-25 15:28:51] INFO - [Fold 1] Epoch 38/60 | Stage 2 | TrainLoss 499.9449 | ValLoss 175.6236 | WR2 0.4829 | R2_total 0.659 | R2_gdm 0.675 | LR 4.11e-06
[2025-11-25 15:40:17] INFO - [Fold 1] Epoch 39/60 | Stage 2 | TrainLoss 496.3927 | ValLoss 176.1430 | WR2 0.4846 | R2_total 0.665 | R2_gdm 0.652 | LR 3.87e-06
[2025-11-25 15:51:48] INFO - [Fold 1] Epoch 40/60 | Stage 2 | TrainLoss 485.1979 | ValLoss 158.4465 | WR2 0.5245 | R2_total 0.686 | R2_gdm 0.754 | LR 3.63e-06
[2025-11-25 16:03:21] INFO - [Fold 1] Epoch 41/60 | Stage 2 | TrainLoss 488.6628 | ValLoss 166.4097 | WR2 0.5129 | R2_total 0.673 | R2_gdm 0.701 | LR 3.40e-06
[2025-11-25 16:14:51] INFO - [Fold 1] Epoch 42/60 | Stage 2 | TrainLoss 494.1733 | ValLoss 147.1217 | WR2 0.5471 | R2_total 0.714 | R2_gdm 0.749 | LR 3.18e-06
[2025-11-25 16:26:27] INFO - [Fold 1] Epoch 43/60 | Stage 2 | TrainLoss 493.6390 | ValLoss 139.6269 | WR2 0.5751 | R2_total 0.732 | R2_gdm 0.773 | LR 2.96e-06
[2025-11-25 16:37:59] INFO - [Fold 1] Epoch 44/60 | Stage 2 | TrainLoss 486.1018 | ValLoss 172.0713 | WR2 0.5222 | R2_total 0.658 | R2_gdm 0.696 | LR 2.75e-06
[2025-11-25 16:49:29] INFO - [Fold 1] Epoch 45/60 | Stage 2 | TrainLoss 482.7519 | ValLoss 159.3601 | WR2 0.5487 | R2_total 0.692 | R2_gdm 0.717 | LR 2.55e-06
[2025-11-25 17:00:58] INFO - [Fold 1] Epoch 46/60 | Stage 2 | TrainLoss 482.3862 | ValLoss 165.1787 | WR2 0.5456 | R2_total 0.677 | R2_gdm 0.698 | LR 2.36e-06
[2025-11-25 17:12:28] INFO - [Fold 1] Epoch 47/60 | Stage 2 | TrainLoss 480.8606 | ValLoss 153.6097 | WR2 0.5526 | R2_total 0.696 | R2_gdm 0.735 | LR 2.18e-06
[2025-11-25 17:23:59] INFO - [Fold 1] Epoch 48/60 | Stage 2 | TrainLoss 479.0101 | ValLoss 151.8259 | WR2 0.5658 | R2_total 0.700 | R2_gdm 0.731 | LR 2.02e-06
[2025-11-25 17:35:27] INFO - [Fold 1] Epoch 49/60 | Stage 2 | TrainLoss 478.0793 | ValLoss 154.3063 | WR2 0.5722 | R2_total 0.699 | R2_gdm 0.721 | LR 1.86e-06
[2025-11-25 17:46:57] INFO - [Fold 1] Epoch 50/60 | Stage 2 | TrainLoss 479.9801 | ValLoss 149.9585 | WR2 0.5762 | R2_total 0.704 | R2_gdm 0.739 | LR 1.71e-06
[2025-11-25 17:58:30] INFO - [Fold 1] Epoch 51/60 | Stage 2 | TrainLoss 471.1211 | ValLoss 147.1437 | WR2 0.5828 | R2_total 0.710 | R2_gdm 0.745 | LR 1.58e-06
[2025-11-25 18:10:01] INFO - [Fold 1] Epoch 52/60 | Stage 2 | TrainLoss 474.9582 | ValLoss 157.0910 | WR2 0.5670 | R2_total 0.688 | R2_gdm 0.721 | LR 1.46e-06
[2025-11-25 18:21:31] INFO - [Fold 1] Epoch 53/60 | Stage 2 | TrainLoss 475.4199 | ValLoss 156.5211 | WR2 0.5717 | R2_total 0.689 | R2_gdm 0.716 | LR 1.35e-06
[2025-11-25 18:32:44] INFO - [Fold 1] Epoch 54/60 | Stage 2 | TrainLoss 475.1102 | ValLoss 165.6061 | WR2 0.5583 | R2_total 0.667 | R2_gdm 0.699 | LR 1.26e-06
[2025-11-25 18:38:43] INFO - 配置已写入 /home/aaa/Kaggle-Series-Competition/CSIRO-Image2Biomass-Prediction/experiments/v4_crosspvt_t2t_mamba/config.yaml
[2025-11-25 18:38:43] INFO - === 启动 v4 CrossPVT T2T Mamba 训练 ===
[2025-11-25 18:38:43] INFO - 设备: cuda, 混合精度: True
[2025-11-25 18:38:43] INFO - 实验目录: /home/aaa/Kaggle-Series-Competition/CSIRO-Image2Biomass-Prediction/experiments/v4_crosspvt_t2t_mamba
[2025-11-25 18:38:43] INFO - 数据样本: 357
[2025-11-25 18:38:45] INFO - ✅ 使用 DINO 主干: vit_base_patch14_dinov2 | global_pool=token | feat_dim=768 | input_res=518
[2025-11-25 18:38:46] INFO - [Fold 0] Backbone: vit_base_patch14_dinov2 | 输入分辨率: 518
[2025-11-25 18:38:46] INFO - [Fold 0] Params: total=140.55M, trainable=140.55M
[2025-11-25 18:38:47] INFO - [Fold 0] 使用多 GPU (DataParallel)
[2025-11-25 18:38:48] INFO - [Fold 0] 训练开始，起始 epoch=1，stage=1
[2025-11-25 18:44:01] INFO - [Fold 1] Epoch 55/60 | Stage 2 | TrainLoss 473.7590 | ValLoss 162.8839 | WR2 0.5576 | R2_total 0.673 | R2_gdm 0.699 | LR 1.18e-06
[2025-11-25 18:55:38] INFO - [Fold 1] Epoch 56/60 | Stage 2 | TrainLoss 472.3084 | ValLoss 143.6655 | WR2 0.5985 | R2_total 0.717 | R2_gdm 0.742 | LR 1.12e-06
[2025-11-25 19:30:42] INFO - 配置已写入 /home/aaa/Kaggle-Series-Competition/CSIRO-Image2Biomass-Prediction/experiments/v4_crosspvt_t2t_mamba/config.yaml
[2025-11-25 19:30:42] INFO - === 启动 v4 CrossPVT T2T Mamba 训练 ===
[2025-11-25 19:30:42] INFO - 设备: cuda, 混合精度: True
[2025-11-25 19:30:42] INFO - 实验目录: /home/aaa/Kaggle-Series-Competition/CSIRO-Image2Biomass-Prediction/experiments/v4_crosspvt_t2t_mamba
[2025-11-25 19:30:43] INFO - 数据样本: 357
[2025-11-25 19:30:43] INFO - 训练配置: Folds=[0, 1, 2, 3, 4], Resume Mode=auto
[2025-11-25 19:30:43] INFO - ================================================================================
[2025-11-25 19:30:43] INFO - 开始训练 Fold 0/4
[2025-11-25 19:30:43] INFO - ================================================================================
[2025-11-25 19:30:43] INFO - [Fold 0] 训练集: 285 样本 | 验证集: 72 样本
[2025-11-25 19:30:45] INFO - ✅ 使用 DINO 主干: vit_base_patch14_dinov2 | global_pool=token | feat_dim=768 | input_res=518
[2025-11-25 19:30:46] INFO - [Fold 0] Backbone: vit_base_patch14_dinov2 | 输入分辨率: 518
[2025-11-25 19:30:46] INFO - [Fold 0] Params: total=140.55M, trainable=140.55M
[2025-11-25 19:30:46] INFO - [Fold 0] 使用多 GPU (DataParallel)
[2025-11-25 19:30:46] INFO - [Fold 0] 自动检测到 checkpoint: /home/aaa/Kaggle-Series-Competition/CSIRO-Image2Biomass-Prediction/experiments/v4_crosspvt_t2t_mamba/fold_0/checkpoints/last.pt
[2025-11-25 19:30:46] INFO - [Fold 0] 正在加载 checkpoint: /home/aaa/Kaggle-Series-Competition/CSIRO-Image2Biomass-Prediction/experiments/v4_crosspvt_t2t_mamba/fold_0/checkpoints/last.pt
[2025-11-25 19:30:47] ERROR - [Fold 0] ✗ 加载 checkpoint 失败: Error(s) in loading state_dict for CrossPVT_T2T_MambaDINO:
	Missing key(s) in state_dict: "backbone.cls_token", "backbone.pos_embed", "backbone.patch_embed.proj.weight", "backbone.patch_embed.proj.bias", "backbone.blocks.0.norm1.weight", "backbone.blocks.0.norm1.bias", "backbone.blocks.0.attn.qkv.weight", "backbone.blocks.0.attn.qkv.bias", "backbone.blocks.0.attn.proj.weight", "backbone.blocks.0.attn.proj.bias", "backbone.blocks.0.ls1.gamma", "backbone.blocks.0.norm2.weight", "backbone.blocks.0.norm2.bias", "backbone.blocks.0.mlp.fc1.weight", "backbone.blocks.0.mlp.fc1.bias", "backbone.blocks.0.mlp.fc2.weight", "backbone.blocks.0.mlp.fc2.bias", "backbone.blocks.0.ls2.gamma", "backbone.blocks.1.norm1.weight", "backbone.blocks.1.norm1.bias", "backbone.blocks.1.attn.qkv.weight", "backbone.blocks.1.attn.qkv.bias", "backbone.blocks.1.attn.proj.weight", "backbone.blocks.1.attn.proj.bias", "backbone.blocks.1.ls1.gamma", "backbone.blocks.1.norm2.weight", "backbone.blocks.1.norm2.bias", "backbone.blocks.1.mlp.fc1.weight", "backbone.blocks.1.mlp.fc1.bias", "backbone.blocks.1.mlp.fc2.weight", "backbone.blocks.1.mlp.fc2.bias", "backbone.blocks.1.ls2.gamma", "backbone.blocks.2.norm1.weight", "backbone.blocks.2.norm1.bias", "backbone.blocks.2.attn.qkv.weight", "backbone.blocks.2.attn.qkv.bias", "backbone.blocks.2.attn.proj.weight", "backbone.blocks.2.attn.proj.bias", "backbone.blocks.2.ls1.gamma", "backbone.blocks.2.norm2.weight", "backbone.blocks.2.norm2.bias", "backbone.blocks.2.mlp.fc1.weight", "backbone.blocks.2.mlp.fc1.bias", "backbone.blocks.2.mlp.fc2.weight", "backbone.blocks.2.mlp.fc2.bias", "backbone.blocks.2.ls2.gamma", "backbone.blocks.3.norm1.weight", "backbone.blocks.3.norm1.bias", "backbone.blocks.3.attn.qkv.weight", "backbone.blocks.3.attn.qkv.bias", "backbone.blocks.3.attn.proj.weight", "backbone.blocks.3.attn.proj.bias", "backbone.blocks.3.ls1.gamma", "backbone.blocks.3.norm2.weight", "backbone.blocks.3.norm2.bias", "backbone.blocks.3.mlp.fc1.weight", "backbone.blocks.3.mlp.fc1.bias", "backbone.blocks.3.mlp.fc2.weight", "backbone.blocks.3.mlp.fc2.bias", "backbone.blocks.3.ls2.gamma", "backbone.blocks.4.norm1.weight", "backbone.blocks.4.norm1.bias", "backbone.blocks.4.attn.qkv.weight", "backbone.blocks.4.attn.qkv.bias", "backbone.blocks.4.attn.proj.weight", "backbone.blocks.4.attn.proj.bias", "backbone.blocks.4.ls1.gamma", "backbone.blocks.4.norm2.weight", "backbone.blocks.4.norm2.bias", "backbone.blocks.4.mlp.fc1.weight", "backbone.blocks.4.mlp.fc1.bias", "backbone.blocks.4.mlp.fc2.weight", "backbone.blocks.4.mlp.fc2.bias", "backbone.blocks.4.ls2.gamma", "backbone.blocks.5.norm1.weight", "backbone.blocks.5.norm1.bias", "backbone.blocks.5.attn.qkv.weight", "backbone.blocks.5.attn.qkv.bias", "backbone.blocks.5.attn.proj.weight", "backbone.blocks.5.attn.proj.bias", "backbone.blocks.5.ls1.gamma", "backbone.blocks.5.norm2.weight", "backbone.blocks.5.norm2.bias", "backbone.blocks.5.mlp.fc1.weight", "backbone.blocks.5.mlp.fc1.bias", "backbone.blocks.5.mlp.fc2.weight", "backbone.blocks.5.mlp.fc2.bias", "backbone.blocks.5.ls2.gamma", "backbone.blocks.6.norm1.weight", "backbone.blocks.6.norm1.bias", "backbone.blocks.6.attn.qkv.weight", "backbone.blocks.6.attn.qkv.bias", "backbone.blocks.6.attn.proj.weight", "backbone.blocks.6.attn.proj.bias", "backbone.blocks.6.ls1.gamma", "backbone.blocks.6.norm2.weight", "backbone.blocks.6.norm2.bias", "backbone.blocks.6.mlp.fc1.weight", "backbone.blocks.6.mlp.fc1.bias", "backbone.blocks.6.mlp.fc2.weight", "backbone.blocks.6.mlp.fc2.bias", "backbone.blocks.6.ls2.gamma", "backbone.blocks.7.norm1.weight", "backbone.blocks.7.norm1.bias", "backbone.blocks.7.attn.qkv.weight", "backbone.blocks.7.attn.qkv.bias", "backbone.blocks.7.attn.proj.weight", "backbone.blocks.7.attn.proj.bias", "backbone.blocks.7.ls1.gamma", "backbone.blocks.7.norm2.weight", "backbone.blocks.7.norm2.bias", "backbone.blocks.7.mlp.fc1.weight", "backbone.blocks.7.mlp.fc1.bias", "backbone.blocks.7.mlp.fc2.weight", "backbone.blocks.7.mlp.fc2.bias", "backbone.blocks.7.ls2.gamma", "backbone.blocks.8.norm1.weight", "backbone.blocks.8.norm1.bias", "backbone.blocks.8.attn.qkv.weight", "backbone.blocks.8.attn.qkv.bias", "backbone.blocks.8.attn.proj.weight", "backbone.blocks.8.attn.proj.bias", "backbone.blocks.8.ls1.gamma", "backbone.blocks.8.norm2.weight", "backbone.blocks.8.norm2.bias", "backbone.blocks.8.mlp.fc1.weight", "backbone.blocks.8.mlp.fc1.bias", "backbone.blocks.8.mlp.fc2.weight", "backbone.blocks.8.mlp.fc2.bias", "backbone.blocks.8.ls2.gamma", "backbone.blocks.9.norm1.weight", "backbone.blocks.9.norm1.bias", "backbone.blocks.9.attn.qkv.weight", "backbone.blocks.9.attn.qkv.bias", "backbone.blocks.9.attn.proj.weight", "backbone.blocks.9.attn.proj.bias", "backbone.blocks.9.ls1.gamma", "backbone.blocks.9.norm2.weight", "backbone.blocks.9.norm2.bias", "backbone.blocks.9.mlp.fc1.weight", "backbone.blocks.9.mlp.fc1.bias", "backbone.blocks.9.mlp.fc2.weight", "backbone.blocks.9.mlp.fc2.bias", "backbone.blocks.9.ls2.gamma", "backbone.blocks.10.norm1.weight", "backbone.blocks.10.norm1.bias", "backbone.blocks.10.attn.qkv.weight", "backbone.blocks.10.attn.qkv.bias", "backbone.blocks.10.attn.proj.weight", "backbone.blocks.10.attn.proj.bias", "backbone.blocks.10.ls1.gamma", "backbone.blocks.10.norm2.weight", "backbone.blocks.10.norm2.bias", "backbone.blocks.10.mlp.fc1.weight", "backbone.blocks.10.mlp.fc1.bias", "backbone.blocks.10.mlp.fc2.weight", "backbone.blocks.10.mlp.fc2.bias", "backbone.blocks.10.ls2.gamma", "backbone.blocks.11.norm1.weight", "backbone.blocks.11.norm1.bias", "backbone.blocks.11.attn.qkv.weight", "backbone.blocks.11.attn.qkv.bias", "backbone.blocks.11.attn.proj.weight", "backbone.blocks.11.attn.proj.bias", "backbone.blocks.11.ls1.gamma", "backbone.blocks.11.norm2.weight", "backbone.blocks.11.norm2.bias", "backbone.blocks.11.mlp.fc1.weight", "backbone.blocks.11.mlp.fc1.bias", "backbone.blocks.11.mlp.fc2.weight", "backbone.blocks.11.mlp.fc2.bias", "backbone.blocks.11.ls2.gamma", "backbone.norm.weight", "backbone.norm.bias", "tile_encoder.backbone.cls_token", "tile_encoder.backbone.pos_embed", "tile_encoder.backbone.patch_embed.proj.weight", "tile_encoder.backbone.patch_embed.proj.bias", "tile_encoder.backbone.blocks.0.norm1.weight", "tile_encoder.backbone.blocks.0.norm1.bias", "tile_encoder.backbone.blocks.0.attn.qkv.weight", "tile_encoder.backbone.blocks.0.attn.qkv.bias", "tile_encoder.backbone.blocks.0.attn.proj.weight", "tile_encoder.backbone.blocks.0.attn.proj.bias", "tile_encoder.backbone.blocks.0.ls1.gamma", "tile_encoder.backbone.blocks.0.norm2.weight", "tile_encoder.backbone.blocks.0.norm2.bias", "tile_encoder.backbone.blocks.0.mlp.fc1.weight", "tile_encoder.backbone.blocks.0.mlp.fc1.bias", "tile_encoder.backbone.blocks.0.mlp.fc2.weight", "tile_encoder.backbone.blocks.0.mlp.fc2.bias", "tile_encoder.backbone.blocks.0.ls2.gamma", "tile_encoder.backbone.blocks.1.norm1.weight", "tile_encoder.backbone.blocks.1.norm1.bias", "tile_encoder.backbone.blocks.1.attn.qkv.weight", "tile_encoder.backbone.blocks.1.attn.qkv.bias", "tile_encoder.backbone.blocks.1.attn.proj.weight", "tile_encoder.backbone.blocks.1.attn.proj.bias", "tile_encoder.backbone.blocks.1.ls1.gamma", "tile_encoder.backbone.blocks.1.norm2.weight", "tile_encoder.backbone.blocks.1.norm2.bias", "tile_encoder.backbone.blocks.1.mlp.fc1.weight", "tile_encoder.backbone.blocks.1.mlp.fc1.bias", "tile_encoder.backbone.blocks.1.mlp.fc2.weight", "tile_encoder.backbone.blocks.1.mlp.fc2.bias", "tile_encoder.backbone.blocks.1.ls2.gamma", "tile_encoder.backbone.blocks.2.norm1.weight", "tile_encoder.backbone.blocks.2.norm1.bias", "tile_encoder.backbone.blocks.2.attn.qkv.weight", "tile_encoder.backbone.blocks.2.attn.qkv.bias", "tile_encoder.backbone.blocks.2.attn.proj.weight", "tile_encoder.backbone.blocks.2.attn.proj.bias", "tile_encoder.backbone.blocks.2.ls1.gamma", "tile_encoder.backbone.blocks.2.norm2.weight", "tile_encoder.backbone.blocks.2.norm2.bias", "tile_encoder.backbone.blocks.2.mlp.fc1.weight", "tile_encoder.backbone.blocks.2.mlp.fc1.bias", "tile_encoder.backbone.blocks.2.mlp.fc2.weight", "tile_encoder.backbone.blocks.2.mlp.fc2.bias", "tile_encoder.backbone.blocks.2.ls2.gamma", "tile_encoder.backbone.blocks.3.norm1.weight", "tile_encoder.backbone.blocks.3.norm1.bias", "tile_encoder.backbone.blocks.3.attn.qkv.weight", "tile_encoder.backbone.blocks.3.attn.qkv.bias", "tile_encoder.backbone.blocks.3.attn.proj.weight", "tile_encoder.backbone.blocks.3.attn.proj.bias", "tile_encoder.backbone.blocks.3.ls1.gamma", "tile_encoder.backbone.blocks.3.norm2.weight", "tile_encoder.backbone.blocks.3.norm2.bias", "tile_encoder.backbone.blocks.3.mlp.fc1.weight", "tile_encoder.backbone.blocks.3.mlp.fc1.bias", "tile_encoder.backbone.blocks.3.mlp.fc2.weight", "tile_encoder.backbone.blocks.3.mlp.fc2.bias", "tile_encoder.backbone.blocks.3.ls2.gamma", "tile_encoder.backbone.blocks.4.norm1.weight", "tile_encoder.backbone.blocks.4.norm1.bias", "tile_encoder.backbone.blocks.4.attn.qkv.weight", "tile_encoder.backbone.blocks.4.attn.qkv.bias", "tile_encoder.backbone.blocks.4.attn.proj.weight", "tile_encoder.backbone.blocks.4.attn.proj.bias", "tile_encoder.backbone.blocks.4.ls1.gamma", "tile_encoder.backbone.blocks.4.norm2.weight", "tile_encoder.backbone.blocks.4.norm2.bias", "tile_encoder.backbone.blocks.4.mlp.fc1.weight", "tile_encoder.backbone.blocks.4.mlp.fc1.bias", "tile_encoder.backbone.blocks.4.mlp.fc2.weight", "tile_encoder.backbone.blocks.4.mlp.fc2.bias", "tile_encoder.backbone.blocks.4.ls2.gamma", "tile_encoder.backbone.blocks.5.norm1.weight", "tile_encoder.backbone.blocks.5.norm1.bias", "tile_encoder.backbone.blocks.5.attn.qkv.weight", "tile_encoder.backbone.blocks.5.attn.qkv.bias", "tile_encoder.backbone.blocks.5.attn.proj.weight", "tile_encoder.backbone.blocks.5.attn.proj.bias", "tile_encoder.backbone.blocks.5.ls1.gamma", "tile_encoder.backbone.blocks.5.norm2.weight", "tile_encoder.backbone.blocks.5.norm2.bias", "tile_encoder.backbone.blocks.5.mlp.fc1.weight", "tile_encoder.backbone.blocks.5.mlp.fc1.bias", "tile_encoder.backbone.blocks.5.mlp.fc2.weight", "tile_encoder.backbone.blocks.5.mlp.fc2.bias", "tile_encoder.backbone.blocks.5.ls2.gamma", "tile_encoder.backbone.blocks.6.norm1.weight", "tile_encoder.backbone.blocks.6.norm1.bias", "tile_encoder.backbone.blocks.6.attn.qkv.weight", "tile_encoder.backbone.blocks.6.attn.qkv.bias", "tile_encoder.backbone.blocks.6.attn.proj.weight", "tile_encoder.backbone.blocks.6.attn.proj.bias", "tile_encoder.backbone.blocks.6.ls1.gamma", "tile_encoder.backbone.blocks.6.norm2.weight", "tile_encoder.backbone.blocks.6.norm2.bias", "tile_encoder.backbone.blocks.6.mlp.fc1.weight", "tile_encoder.backbone.blocks.6.mlp.fc1.bias", "tile_encoder.backbone.blocks.6.mlp.fc2.weight", "tile_encoder.backbone.blocks.6.mlp.fc2.bias", "tile_encoder.backbone.blocks.6.ls2.gamma", "tile_encoder.backbone.blocks.7.norm1.weight", "tile_encoder.backbone.blocks.7.norm1.bias", "tile_encoder.backbone.blocks.7.attn.qkv.weight", "tile_encoder.backbone.blocks.7.attn.qkv.bias", "tile_encoder.backbone.blocks.7.attn.proj.weight", "tile_encoder.backbone.blocks.7.attn.proj.bias", "tile_encoder.backbone.blocks.7.ls1.gamma", "tile_encoder.backbone.blocks.7.norm2.weight", "tile_encoder.backbone.blocks.7.norm2.bias", "tile_encoder.backbone.blocks.7.mlp.fc1.weight", "tile_encoder.backbone.blocks.7.mlp.fc1.bias", "tile_encoder.backbone.blocks.7.mlp.fc2.weight", "tile_encoder.backbone.blocks.7.mlp.fc2.bias", "tile_encoder.backbone.blocks.7.ls2.gamma", "tile_encoder.backbone.blocks.8.norm1.weight", "tile_encoder.backbone.blocks.8.norm1.bias", "tile_encoder.backbone.blocks.8.attn.qkv.weight", "tile_encoder.backbone.blocks.8.attn.qkv.bias", "tile_encoder.backbone.blocks.8.attn.proj.weight", "tile_encoder.backbone.blocks.8.attn.proj.bias", "tile_encoder.backbone.blocks.8.ls1.gamma", "tile_encoder.backbone.blocks.8.norm2.weight", "tile_encoder.backbone.blocks.8.norm2.bias", "tile_encoder.backbone.blocks.8.mlp.fc1.weight", "tile_encoder.backbone.blocks.8.mlp.fc1.bias", "tile_encoder.backbone.blocks.8.mlp.fc2.weight", "tile_encoder.backbone.blocks.8.mlp.fc2.bias", "tile_encoder.backbone.blocks.8.ls2.gamma", "tile_encoder.backbone.blocks.9.norm1.weight", "tile_encoder.backbone.blocks.9.norm1.bias", "tile_encoder.backbone.blocks.9.attn.qkv.weight", "tile_encoder.backbone.blocks.9.attn.qkv.bias", "tile_encoder.backbone.blocks.9.attn.proj.weight", "tile_encoder.backbone.blocks.9.attn.proj.bias", "tile_encoder.backbone.blocks.9.ls1.gamma", "tile_encoder.backbone.blocks.9.norm2.weight", "tile_encoder.backbone.blocks.9.norm2.bias", "tile_encoder.backbone.blocks.9.mlp.fc1.weight", "tile_encoder.backbone.blocks.9.mlp.fc1.bias", "tile_encoder.backbone.blocks.9.mlp.fc2.weight", "tile_encoder.backbone.blocks.9.mlp.fc2.bias", "tile_encoder.backbone.blocks.9.ls2.gamma", "tile_encoder.backbone.blocks.10.norm1.weight", "tile_encoder.backbone.blocks.10.norm1.bias", "tile_encoder.backbone.blocks.10.attn.qkv.weight", "tile_encoder.backbone.blocks.10.attn.qkv.bias", "tile_encoder.backbone.blocks.10.attn.proj.weight", "tile_encoder.backbone.blocks.10.attn.proj.bias", "tile_encoder.backbone.blocks.10.ls1.gamma", "tile_encoder.backbone.blocks.10.norm2.weight", "tile_encoder.backbone.blocks.10.norm2.bias", "tile_encoder.backbone.blocks.10.mlp.fc1.weight", "tile_encoder.backbone.blocks.10.mlp.fc1.bias", "tile_encoder.backbone.blocks.10.mlp.fc2.weight", "tile_encoder.backbone.blocks.10.mlp.fc2.bias", "tile_encoder.backbone.blocks.10.ls2.gamma", "tile_encoder.backbone.blocks.11.norm1.weight", "tile_encoder.backbone.blocks.11.norm1.bias", "tile_encoder.backbone.blocks.11.attn.qkv.weight", "tile_encoder.backbone.blocks.11.attn.qkv.bias", "tile_encoder.backbone.blocks.11.attn.proj.weight", "tile_encoder.backbone.blocks.11.attn.proj.bias", "tile_encoder.backbone.blocks.11.ls1.gamma", "tile_encoder.backbone.blocks.11.norm2.weight", "tile_encoder.backbone.blocks.11.norm2.bias", "tile_encoder.backbone.blocks.11.mlp.fc1.weight", "tile_encoder.backbone.blocks.11.mlp.fc1.bias", "tile_encoder.backbone.blocks.11.mlp.fc2.weight", "tile_encoder.backbone.blocks.11.mlp.fc2.bias", "tile_encoder.backbone.blocks.11.ls2.gamma", "tile_encoder.backbone.norm.weight", "tile_encoder.backbone.norm.bias", "t2t.blocks.0.norm1.weight", "t2t.blocks.0.norm1.bias", "t2t.blocks.0.attn.in_proj_weight", "t2t.blocks.0.attn.in_proj_bias", "t2t.blocks.0.attn.out_proj.weight", "t2t.blocks.0.attn.out_proj.bias", "t2t.blocks.0.norm2.weight", "t2t.blocks.0.norm2.bias", "t2t.blocks.0.ff.net.0.weight", "t2t.blocks.0.ff.net.0.bias", "t2t.blocks.0.ff.net.3.weight", "t2t.blocks.0.ff.net.3.bias", "t2t.blocks.1.norm1.weight", "t2t.blocks.1.norm1.bias", "t2t.blocks.1.attn.in_proj_weight", "t2t.blocks.1.attn.in_proj_bias", "t2t.blocks.1.attn.out_proj.weight", "t2t.blocks.1.attn.out_proj.bias", "t2t.blocks.1.norm2.weight", "t2t.blocks.1.norm2.bias", "t2t.blocks.1.ff.net.0.weight", "t2t.blocks.1.ff.net.0.bias", "t2t.blocks.1.ff.net.3.weight", "t2t.blocks.1.ff.net.3.bias", "cross.layers_s.0.norm1.weight", "cross.layers_s.0.norm1.bias", "cross.layers_s.0.attn.in_proj_weight", "cross.layers_s.0.attn.in_proj_bias", "cross.layers_s.0.attn.out_proj.weight", "cross.layers_s.0.attn.out_proj.bias", "cross.layers_s.0.norm2.weight", "cross.layers_s.0.norm2.bias", "cross.layers_s.0.ff.net.0.weight", "cross.layers_s.0.ff.net.0.bias", "cross.layers_s.0.ff.net.3.weight", "cross.layers_s.0.ff.net.3.bias", "cross.layers_s.1.norm1.weight", "cross.layers_s.1.norm1.bias", "cross.layers_s.1.attn.in_proj_weight", "cross.layers_s.1.attn.in_proj_bias", "cross.layers_s.1.attn.out_proj.weight", "cross.layers_s.1.attn.out_proj.bias", "cross.layers_s.1.norm2.weight", "cross.layers_s.1.norm2.bias", "cross.layers_s.1.ff.net.0.weight", "cross.layers_s.1.ff.net.0.bias", "cross.layers_s.1.ff.net.3.weight", "cross.layers_s.1.ff.net.3.bias", "cross.layers_b.0.norm1.weight", "cross.layers_b.0.norm1.bias", "cross.layers_b.0.attn.in_proj_weight", "cross.layers_b.0.attn.in_proj_bias", "cross.layers_b.0.attn.out_proj.weight", "cross.layers_b.0.attn.out_proj.bias", "cross.layers_b.0.norm2.weight", "cross.layers_b.0.norm2.bias", "cross.layers_b.0.ff.net.0.weight", "cross.layers_b.0.ff.net.0.bias", "cross.layers_b.0.ff.net.3.weight", "cross.layers_b.0.ff.net.3.bias", "cross.layers_b.1.norm1.weight", "cross.layers_b.1.norm1.bias", "cross.layers_b.1.attn.in_proj_weight", "cross.layers_b.1.attn.in_proj_bias", "cross.layers_b.1.attn.out_proj.weight", "cross.layers_b.1.attn.out_proj.bias", "cross.layers_b.1.norm2.weight", "cross.layers_b.1.norm2.bias", "cross.layers_b.1.ff.net.0.weight", "cross.layers_b.1.ff.net.0.bias", "cross.layers_b.1.ff.net.3.weight", "cross.layers_b.1.ff.net.3.bias", "cross.cross_s.0.in_proj_weight", "cross.cross_s.0.in_proj_bias", "cross.cross_s.0.out_proj.weight", "cross.cross_s.0.out_proj.bias", "cross.cross_s.1.in_proj_weight", "cross.cross_s.1.in_proj_bias", "cross.cross_s.1.out_proj.weight", "cross.cross_s.1.out_proj.bias", "cross.cross_b.0.in_proj_weight", "cross.cross_b.0.in_proj_bias", "cross.cross_b.0.out_proj.weight", "cross.cross_b.0.out_proj.bias", "cross.cross_b.1.in_proj_weight", "cross.cross_b.1.in_proj_bias", "cross.cross_b.1.out_proj.weight", "cross.cross_b.1.out_proj.bias", "cross.norm_s.weight", "cross.norm_s.bias", "cross.norm_b.weight", "cross.norm_b.bias", "pyramid.proj1.weight", "pyramid.proj1.bias", "pyramid.mobilevit.local.0.weight", "pyramid.mobilevit.local.0.bias", "pyramid.mobilevit.local.1.weight", "pyramid.mobilevit.local.1.bias", "pyramid.mobilevit.transformer.0.norm1.weight", "pyramid.mobilevit.transformer.0.norm1.bias", "pyramid.mobilevit.transformer.0.attn.in_proj_weight", "pyramid.mobilevit.transformer.0.attn.in_proj_bias", "pyramid.mobilevit.transformer.0.attn.out_proj.weight", "pyramid.mobilevit.transformer.0.attn.out_proj.bias", "pyramid.mobilevit.transformer.0.norm2.weight", "pyramid.mobilevit.transformer.0.norm2.bias", "pyramid.mobilevit.transformer.0.ff.net.0.weight", "pyramid.mobilevit.transformer.0.ff.net.0.bias", "pyramid.mobilevit.transformer.0.ff.net.3.weight", "pyramid.mobilevit.transformer.0.ff.net.3.bias", "pyramid.mobilevit.transformer.1.norm1.weight", "pyramid.mobilevit.transformer.1.norm1.bias", "pyramid.mobilevit.transformer.1.attn.in_proj_weight", "pyramid.mobilevit.transformer.1.attn.in_proj_bias", "pyramid.mobilevit.transformer.1.attn.out_proj.weight", "pyramid.mobilevit.transformer.1.attn.out_proj.bias", "pyramid.mobilevit.transformer.1.norm2.weight", "pyramid.mobilevit.transformer.1.norm2.bias", "pyramid.mobilevit.transformer.1.ff.net.0.weight", "pyramid.mobilevit.transformer.1.ff.net.0.bias", "pyramid.mobilevit.transformer.1.ff.net.3.weight", "pyramid.mobilevit.transformer.1.ff.net.3.bias", "pyramid.mobilevit.fuse.weight", "pyramid.mobilevit.fuse.bias", "pyramid.proj2.weight", "pyramid.proj2.bias", "pyramid.pvt.norm1.weight", "pyramid.pvt.norm1.bias", "pyramid.pvt.sra.q.weight", "pyramid.pvt.sra.q.bias", "pyramid.pvt.sra.kv.weight", "pyramid.pvt.sra.kv.bias", "pyramid.pvt.sra.sr.weight", "pyramid.pvt.sra.sr.bias", "pyramid.pvt.sra.norm.weight", "pyramid.pvt.sra.norm.bias", "pyramid.pvt.sra.proj.weight", "pyramid.pvt.sra.proj.bias", "pyramid.pvt.norm2.weight", "pyramid.pvt.norm2.bias", "pyramid.pvt.ff.net.0.weight", "pyramid.pvt.ff.net.0.bias", "pyramid.pvt.ff.net.3.weight", "pyramid.pvt.ff.net.3.bias", "pyramid.mamba_local.norm.weight", "pyramid.mamba_local.norm.bias", "pyramid.mamba_local.dwconv.weight", "pyramid.mamba_local.dwconv.bias", "pyramid.mamba_local.gate.weight", "pyramid.mamba_local.gate.bias", "pyramid.mamba_local.proj.weight", "pyramid.mamba_local.proj.bias", "pyramid.proj3.weight", "pyramid.proj3.bias", "pyramid.mamba_global.0.norm.weight", "pyramid.mamba_global.0.norm.bias", "pyramid.mamba_global.0.dwconv.weight", "pyramid.mamba_global.0.dwconv.bias", "pyramid.mamba_global.0.gate.weight", "pyramid.mamba_global.0.gate.bias", "pyramid.mamba_global.0.proj.weight", "pyramid.mamba_global.0.proj.bias", "pyramid.mamba_global.1.norm.weight", "pyramid.mamba_global.1.norm.bias", "pyramid.mamba_global.1.dwconv.weight", "pyramid.mamba_global.1.dwconv.bias", "pyramid.mamba_global.1.gate.weight", "pyramid.mamba_global.1.gate.bias", "pyramid.mamba_global.1.proj.weight", "pyramid.mamba_global.1.proj.bias", "pyramid.mamba_global.2.norm.weight", "pyramid.mamba_global.2.norm.bias", "pyramid.mamba_global.2.dwconv.weight", "pyramid.mamba_global.2.dwconv.bias", "pyramid.mamba_global.2.gate.weight", "pyramid.mamba_global.2.gate.bias", "pyramid.mamba_global.2.proj.weight", "pyramid.mamba_global.2.proj.bias", "pyramid.final_attn.norm1.weight", "pyramid.final_attn.norm1.bias", "pyramid.final_attn.attn.in_proj_weight", "pyramid.final_attn.attn.in_proj_bias", "pyramid.final_attn.attn.out_proj.weight", "pyramid.final_attn.attn.out_proj.bias", "pyramid.final_attn.norm2.weight", "pyramid.final_attn.norm2.bias", "pyramid.final_attn.ff.net.0.weight", "pyramid.final_attn.ff.net.0.bias", "pyramid.final_attn.ff.net.3.weight", "pyramid.final_attn.ff.net.3.bias", "head_green.0.weight", "head_green.0.bias", "head_green.3.weight", "head_green.3.bias", "head_clover.0.weight", "head_clover.0.bias", "head_clover.3.weight", "head_clover.3.bias", "head_dead.0.weight", "head_dead.0.bias", "head_dead.3.weight", "head_dead.3.bias", "score_head.0.weight", "score_head.0.bias", "score_head.1.weight", "score_head.1.bias", "aux_head.0.weight", "aux_head.0.bias", "aux_head.1.weight", "aux_head.1.bias", "cross_gate_left.weight", "cross_gate_left.bias", "cross_gate_right.weight", "cross_gate_right.bias". 
	Unexpected key(s) in state_dict: "module.backbone.cls_token", "module.backbone.pos_embed", "module.backbone.patch_embed.proj.weight", "module.backbone.patch_embed.proj.bias", "module.backbone.blocks.0.norm1.weight", "module.backbone.blocks.0.norm1.bias", "module.backbone.blocks.0.attn.qkv.weight", "module.backbone.blocks.0.attn.qkv.bias", "module.backbone.blocks.0.attn.proj.weight", "module.backbone.blocks.0.attn.proj.bias", "module.backbone.blocks.0.ls1.gamma", "module.backbone.blocks.0.norm2.weight", "module.backbone.blocks.0.norm2.bias", "module.backbone.blocks.0.mlp.fc1.weight", "module.backbone.blocks.0.mlp.fc1.bias", "module.backbone.blocks.0.mlp.fc2.weight", "module.backbone.blocks.0.mlp.fc2.bias", "module.backbone.blocks.0.ls2.gamma", "module.backbone.blocks.1.norm1.weight", "module.backbone.blocks.1.norm1.bias", "module.backbone.blocks.1.attn.qkv.weight", "module.backbone.blocks.1.attn.qkv.bias", "module.backbone.blocks.1.attn.proj.weight", "module.backbone.blocks.1.attn.proj.bias", "module.backbone.blocks.1.ls1.gamma", "module.backbone.blocks.1.norm2.weight", "module.backbone.blocks.1.norm2.bias", "module.backbone.blocks.1.mlp.fc1.weight", "module.backbone.blocks.1.mlp.fc1.bias", "module.backbone.blocks.1.mlp.fc2.weight", "module.backbone.blocks.1.mlp.fc2.bias", "module.backbone.blocks.1.ls2.gamma", "module.backbone.blocks.2.norm1.weight", "module.backbone.blocks.2.norm1.bias", "module.backbone.blocks.2.attn.qkv.weight", "module.backbone.blocks.2.attn.qkv.bias", "module.backbone.blocks.2.attn.proj.weight", "module.backbone.blocks.2.attn.proj.bias", "module.backbone.blocks.2.ls1.gamma", "module.backbone.blocks.2.norm2.weight", "module.backbone.blocks.2.norm2.bias", "module.backbone.blocks.2.mlp.fc1.weight", "module.backbone.blocks.2.mlp.fc1.bias", "module.backbone.blocks.2.mlp.fc2.weight", "module.backbone.blocks.2.mlp.fc2.bias", "module.backbone.blocks.2.ls2.gamma", "module.backbone.blocks.3.norm1.weight", "module.backbone.blocks.3.norm1.bias", "module.backbone.blocks.3.attn.qkv.weight", "module.backbone.blocks.3.attn.qkv.bias", "module.backbone.blocks.3.attn.proj.weight", "module.backbone.blocks.3.attn.proj.bias", "module.backbone.blocks.3.ls1.gamma", "module.backbone.blocks.3.norm2.weight", "module.backbone.blocks.3.norm2.bias", "module.backbone.blocks.3.mlp.fc1.weight", "module.backbone.blocks.3.mlp.fc1.bias", "module.backbone.blocks.3.mlp.fc2.weight", "module.backbone.blocks.3.mlp.fc2.bias", "module.backbone.blocks.3.ls2.gamma", "module.backbone.blocks.4.norm1.weight", "module.backbone.blocks.4.norm1.bias", "module.backbone.blocks.4.attn.qkv.weight", "module.backbone.blocks.4.attn.qkv.bias", "module.backbone.blocks.4.attn.proj.weight", "module.backbone.blocks.4.attn.proj.bias", "module.backbone.blocks.4.ls1.gamma", "module.backbone.blocks.4.norm2.weight", "module.backbone.blocks.4.norm2.bias", "module.backbone.blocks.4.mlp.fc1.weight", "module.backbone.blocks.4.mlp.fc1.bias", "module.backbone.blocks.4.mlp.fc2.weight", "module.backbone.blocks.4.mlp.fc2.bias", "module.backbone.blocks.4.ls2.gamma", "module.backbone.blocks.5.norm1.weight", "module.backbone.blocks.5.norm1.bias", "module.backbone.blocks.5.attn.qkv.weight", "module.backbone.blocks.5.attn.qkv.bias", "module.backbone.blocks.5.attn.proj.weight", "module.backbone.blocks.5.attn.proj.bias", "module.backbone.blocks.5.ls1.gamma", "module.backbone.blocks.5.norm2.weight", "module.backbone.blocks.5.norm2.bias", "module.backbone.blocks.5.mlp.fc1.weight", "module.backbone.blocks.5.mlp.fc1.bias", "module.backbone.blocks.5.mlp.fc2.weight", "module.backbone.blocks.5.mlp.fc2.bias", "module.backbone.blocks.5.ls2.gamma", "module.backbone.blocks.6.norm1.weight", "module.backbone.blocks.6.norm1.bias", "module.backbone.blocks.6.attn.qkv.weight", "module.backbone.blocks.6.attn.qkv.bias", "module.backbone.blocks.6.attn.proj.weight", "module.backbone.blocks.6.attn.proj.bias", "module.backbone.blocks.6.ls1.gamma", "module.backbone.blocks.6.norm2.weight", "module.backbone.blocks.6.norm2.bias", "module.backbone.blocks.6.mlp.fc1.weight", "module.backbone.blocks.6.mlp.fc1.bias", "module.backbone.blocks.6.mlp.fc2.weight", "module.backbone.blocks.6.mlp.fc2.bias", "module.backbone.blocks.6.ls2.gamma", "module.backbone.blocks.7.norm1.weight", "module.backbone.blocks.7.norm1.bias", "module.backbone.blocks.7.attn.qkv.weight", "module.backbone.blocks.7.attn.qkv.bias", "module.backbone.blocks.7.attn.proj.weight", "module.backbone.blocks.7.attn.proj.bias", "module.backbone.blocks.7.ls1.gamma", "module.backbone.blocks.7.norm2.weight", "module.backbone.blocks.7.norm2.bias", "module.backbone.blocks.7.mlp.fc1.weight", "module.backbone.blocks.7.mlp.fc1.bias", "module.backbone.blocks.7.mlp.fc2.weight", "module.backbone.blocks.7.mlp.fc2.bias", "module.backbone.blocks.7.ls2.gamma", "module.backbone.blocks.8.norm1.weight", "module.backbone.blocks.8.norm1.bias", "module.backbone.blocks.8.attn.qkv.weight", "module.backbone.blocks.8.attn.qkv.bias", "module.backbone.blocks.8.attn.proj.weight", "module.backbone.blocks.8.attn.proj.bias", "module.backbone.blocks.8.ls1.gamma", "module.backbone.blocks.8.norm2.weight", "module.backbone.blocks.8.norm2.bias", "module.backbone.blocks.8.mlp.fc1.weight", "module.backbone.blocks.8.mlp.fc1.bias", "module.backbone.blocks.8.mlp.fc2.weight", "module.backbone.blocks.8.mlp.fc2.bias", "module.backbone.blocks.8.ls2.gamma", "module.backbone.blocks.9.norm1.weight", "module.backbone.blocks.9.norm1.bias", "module.backbone.blocks.9.attn.qkv.weight", "module.backbone.blocks.9.attn.qkv.bias", "module.backbone.blocks.9.attn.proj.weight", "module.backbone.blocks.9.attn.proj.bias", "module.backbone.blocks.9.ls1.gamma", "module.backbone.blocks.9.norm2.weight", "module.backbone.blocks.9.norm2.bias", "module.backbone.blocks.9.mlp.fc1.weight", "module.backbone.blocks.9.mlp.fc1.bias", "module.backbone.blocks.9.mlp.fc2.weight", "module.backbone.blocks.9.mlp.fc2.bias", "module.backbone.blocks.9.ls2.gamma", "module.backbone.blocks.10.norm1.weight", "module.backbone.blocks.10.norm1.bias", "module.backbone.blocks.10.attn.qkv.weight", "module.backbone.blocks.10.attn.qkv.bias", "module.backbone.blocks.10.attn.proj.weight", "module.backbone.blocks.10.attn.proj.bias", "module.backbone.blocks.10.ls1.gamma", "module.backbone.blocks.10.norm2.weight", "module.backbone.blocks.10.norm2.bias", "module.backbone.blocks.10.mlp.fc1.weight", "module.backbone.blocks.10.mlp.fc1.bias", "module.backbone.blocks.10.mlp.fc2.weight", "module.backbone.blocks.10.mlp.fc2.bias", "module.backbone.blocks.10.ls2.gamma", "module.backbone.blocks.11.norm1.weight", "module.backbone.blocks.11.norm1.bias", "module.backbone.blocks.11.attn.qkv.weight", "module.backbone.blocks.11.attn.qkv.bias", "module.backbone.blocks.11.attn.proj.weight", "module.backbone.blocks.11.attn.proj.bias", "module.backbone.blocks.11.ls1.gamma", "module.backbone.blocks.11.norm2.weight", "module.backbone.blocks.11.norm2.bias", "module.backbone.blocks.11.mlp.fc1.weight", "module.backbone.blocks.11.mlp.fc1.bias", "module.backbone.blocks.11.mlp.fc2.weight", "module.backbone.blocks.11.mlp.fc2.bias", "module.backbone.blocks.11.ls2.gamma", "module.backbone.norm.weight", "module.backbone.norm.bias", "module.tile_encoder.backbone.cls_token", "module.tile_encoder.backbone.pos_embed", "module.tile_encoder.backbone.patch_embed.proj.weight", "module.tile_encoder.backbone.patch_embed.proj.bias", "module.tile_encoder.backbone.blocks.0.norm1.weight", "module.tile_encoder.backbone.blocks.0.norm1.bias", "module.tile_encoder.backbone.blocks.0.attn.qkv.weight", "module.tile_encoder.backbone.blocks.0.attn.qkv.bias", "module.tile_encoder.backbone.blocks.0.attn.proj.weight", "module.tile_encoder.backbone.blocks.0.attn.proj.bias", "module.tile_encoder.backbone.blocks.0.ls1.gamma", "module.tile_encoder.backbone.blocks.0.norm2.weight", "module.tile_encoder.backbone.blocks.0.norm2.bias", "module.tile_encoder.backbone.blocks.0.mlp.fc1.weight", "module.tile_encoder.backbone.blocks.0.mlp.fc1.bias", "module.tile_encoder.backbone.blocks.0.mlp.fc2.weight", "module.tile_encoder.backbone.blocks.0.mlp.fc2.bias", "module.tile_encoder.backbone.blocks.0.ls2.gamma", "module.tile_encoder.backbone.blocks.1.norm1.weight", "module.tile_encoder.backbone.blocks.1.norm1.bias", "module.tile_encoder.backbone.blocks.1.attn.qkv.weight", "module.tile_encoder.backbone.blocks.1.attn.qkv.bias", "module.tile_encoder.backbone.blocks.1.attn.proj.weight", "module.tile_encoder.backbone.blocks.1.attn.proj.bias", "module.tile_encoder.backbone.blocks.1.ls1.gamma", "module.tile_encoder.backbone.blocks.1.norm2.weight", "module.tile_encoder.backbone.blocks.1.norm2.bias", "module.tile_encoder.backbone.blocks.1.mlp.fc1.weight", "module.tile_encoder.backbone.blocks.1.mlp.fc1.bias", "module.tile_encoder.backbone.blocks.1.mlp.fc2.weight", "module.tile_encoder.backbone.blocks.1.mlp.fc2.bias", "module.tile_encoder.backbone.blocks.1.ls2.gamma", "module.tile_encoder.backbone.blocks.2.norm1.weight", "module.tile_encoder.backbone.blocks.2.norm1.bias", "module.tile_encoder.backbone.blocks.2.attn.qkv.weight", "module.tile_encoder.backbone.blocks.2.attn.qkv.bias", "module.tile_encoder.backbone.blocks.2.attn.proj.weight", "module.tile_encoder.backbone.blocks.2.attn.proj.bias", "module.tile_encoder.backbone.blocks.2.ls1.gamma", "module.tile_encoder.backbone.blocks.2.norm2.weight", "module.tile_encoder.backbone.blocks.2.norm2.bias", "module.tile_encoder.backbone.blocks.2.mlp.fc1.weight", "module.tile_encoder.backbone.blocks.2.mlp.fc1.bias", "module.tile_encoder.backbone.blocks.2.mlp.fc2.weight", "module.tile_encoder.backbone.blocks.2.mlp.fc2.bias", "module.tile_encoder.backbone.blocks.2.ls2.gamma", "module.tile_encoder.backbone.blocks.3.norm1.weight", "module.tile_encoder.backbone.blocks.3.norm1.bias", "module.tile_encoder.backbone.blocks.3.attn.qkv.weight", "module.tile_encoder.backbone.blocks.3.attn.qkv.bias", "module.tile_encoder.backbone.blocks.3.attn.proj.weight", "module.tile_encoder.backbone.blocks.3.attn.proj.bias", "module.tile_encoder.backbone.blocks.3.ls1.gamma", "module.tile_encoder.backbone.blocks.3.norm2.weight", "module.tile_encoder.backbone.blocks.3.norm2.bias", "module.tile_encoder.backbone.blocks.3.mlp.fc1.weight", "module.tile_encoder.backbone.blocks.3.mlp.fc1.bias", "module.tile_encoder.backbone.blocks.3.mlp.fc2.weight", "module.tile_encoder.backbone.blocks.3.mlp.fc2.bias", "module.tile_encoder.backbone.blocks.3.ls2.gamma", "module.tile_encoder.backbone.blocks.4.norm1.weight", "module.tile_encoder.backbone.blocks.4.norm1.bias", "module.tile_encoder.backbone.blocks.4.attn.qkv.weight", "module.tile_encoder.backbone.blocks.4.attn.qkv.bias", "module.tile_encoder.backbone.blocks.4.attn.proj.weight", "module.tile_encoder.backbone.blocks.4.attn.proj.bias", "module.tile_encoder.backbone.blocks.4.ls1.gamma", "module.tile_encoder.backbone.blocks.4.norm2.weight", "module.tile_encoder.backbone.blocks.4.norm2.bias", "module.tile_encoder.backbone.blocks.4.mlp.fc1.weight", "module.tile_encoder.backbone.blocks.4.mlp.fc1.bias", "module.tile_encoder.backbone.blocks.4.mlp.fc2.weight", "module.tile_encoder.backbone.blocks.4.mlp.fc2.bias", "module.tile_encoder.backbone.blocks.4.ls2.gamma", "module.tile_encoder.backbone.blocks.5.norm1.weight", "module.tile_encoder.backbone.blocks.5.norm1.bias", "module.tile_encoder.backbone.blocks.5.attn.qkv.weight", "module.tile_encoder.backbone.blocks.5.attn.qkv.bias", "module.tile_encoder.backbone.blocks.5.attn.proj.weight", "module.tile_encoder.backbone.blocks.5.attn.proj.bias", "module.tile_encoder.backbone.blocks.5.ls1.gamma", "module.tile_encoder.backbone.blocks.5.norm2.weight", "module.tile_encoder.backbone.blocks.5.norm2.bias", "module.tile_encoder.backbone.blocks.5.mlp.fc1.weight", "module.tile_encoder.backbone.blocks.5.mlp.fc1.bias", "module.tile_encoder.backbone.blocks.5.mlp.fc2.weight", "module.tile_encoder.backbone.blocks.5.mlp.fc2.bias", "module.tile_encoder.backbone.blocks.5.ls2.gamma", "module.tile_encoder.backbone.blocks.6.norm1.weight", "module.tile_encoder.backbone.blocks.6.norm1.bias", "module.tile_encoder.backbone.blocks.6.attn.qkv.weight", "module.tile_encoder.backbone.blocks.6.attn.qkv.bias", "module.tile_encoder.backbone.blocks.6.attn.proj.weight", "module.tile_encoder.backbone.blocks.6.attn.proj.bias", "module.tile_encoder.backbone.blocks.6.ls1.gamma", "module.tile_encoder.backbone.blocks.6.norm2.weight", "module.tile_encoder.backbone.blocks.6.norm2.bias", "module.tile_encoder.backbone.blocks.6.mlp.fc1.weight", "module.tile_encoder.backbone.blocks.6.mlp.fc1.bias", "module.tile_encoder.backbone.blocks.6.mlp.fc2.weight", "module.tile_encoder.backbone.blocks.6.mlp.fc2.bias", "module.tile_encoder.backbone.blocks.6.ls2.gamma", "module.tile_encoder.backbone.blocks.7.norm1.weight", "module.tile_encoder.backbone.blocks.7.norm1.bias", "module.tile_encoder.backbone.blocks.7.attn.qkv.weight", "module.tile_encoder.backbone.blocks.7.attn.qkv.bias", "module.tile_encoder.backbone.blocks.7.attn.proj.weight", "module.tile_encoder.backbone.blocks.7.attn.proj.bias", "module.tile_encoder.backbone.blocks.7.ls1.gamma", "module.tile_encoder.backbone.blocks.7.norm2.weight", "module.tile_encoder.backbone.blocks.7.norm2.bias", "module.tile_encoder.backbone.blocks.7.mlp.fc1.weight", "module.tile_encoder.backbone.blocks.7.mlp.fc1.bias", "module.tile_encoder.backbone.blocks.7.mlp.fc2.weight", "module.tile_encoder.backbone.blocks.7.mlp.fc2.bias", "module.tile_encoder.backbone.blocks.7.ls2.gamma", "module.tile_encoder.backbone.blocks.8.norm1.weight", "module.tile_encoder.backbone.blocks.8.norm1.bias", "module.tile_encoder.backbone.blocks.8.attn.qkv.weight", "module.tile_encoder.backbone.blocks.8.attn.qkv.bias", "module.tile_encoder.backbone.blocks.8.attn.proj.weight", "module.tile_encoder.backbone.blocks.8.attn.proj.bias", "module.tile_encoder.backbone.blocks.8.ls1.gamma", "module.tile_encoder.backbone.blocks.8.norm2.weight", "module.tile_encoder.backbone.blocks.8.norm2.bias", "module.tile_encoder.backbone.blocks.8.mlp.fc1.weight", "module.tile_encoder.backbone.blocks.8.mlp.fc1.bias", "module.tile_encoder.backbone.blocks.8.mlp.fc2.weight", "module.tile_encoder.backbone.blocks.8.mlp.fc2.bias", "module.tile_encoder.backbone.blocks.8.ls2.gamma", "module.tile_encoder.backbone.blocks.9.norm1.weight", "module.tile_encoder.backbone.blocks.9.norm1.bias", "module.tile_encoder.backbone.blocks.9.attn.qkv.weight", "module.tile_encoder.backbone.blocks.9.attn.qkv.bias", "module.tile_encoder.backbone.blocks.9.attn.proj.weight", "module.tile_encoder.backbone.blocks.9.attn.proj.bias", "module.tile_encoder.backbone.blocks.9.ls1.gamma", "module.tile_encoder.backbone.blocks.9.norm2.weight", "module.tile_encoder.backbone.blocks.9.norm2.bias", "module.tile_encoder.backbone.blocks.9.mlp.fc1.weight", "module.tile_encoder.backbone.blocks.9.mlp.fc1.bias", "module.tile_encoder.backbone.blocks.9.mlp.fc2.weight", "module.tile_encoder.backbone.blocks.9.mlp.fc2.bias", "module.tile_encoder.backbone.blocks.9.ls2.gamma", "module.tile_encoder.backbone.blocks.10.norm1.weight", "module.tile_encoder.backbone.blocks.10.norm1.bias", "module.tile_encoder.backbone.blocks.10.attn.qkv.weight", "module.tile_encoder.backbone.blocks.10.attn.qkv.bias", "module.tile_encoder.backbone.blocks.10.attn.proj.weight", "module.tile_encoder.backbone.blocks.10.attn.proj.bias", "module.tile_encoder.backbone.blocks.10.ls1.gamma", "module.tile_encoder.backbone.blocks.10.norm2.weight", "module.tile_encoder.backbone.blocks.10.norm2.bias", "module.tile_encoder.backbone.blocks.10.mlp.fc1.weight", "module.tile_encoder.backbone.blocks.10.mlp.fc1.bias", "module.tile_encoder.backbone.blocks.10.mlp.fc2.weight", "module.tile_encoder.backbone.blocks.10.mlp.fc2.bias", "module.tile_encoder.backbone.blocks.10.ls2.gamma", "module.tile_encoder.backbone.blocks.11.norm1.weight", "module.tile_encoder.backbone.blocks.11.norm1.bias", "module.tile_encoder.backbone.blocks.11.attn.qkv.weight", "module.tile_encoder.backbone.blocks.11.attn.qkv.bias", "module.tile_encoder.backbone.blocks.11.attn.proj.weight", "module.tile_encoder.backbone.blocks.11.attn.proj.bias", "module.tile_encoder.backbone.blocks.11.ls1.gamma", "module.tile_encoder.backbone.blocks.11.norm2.weight", "module.tile_encoder.backbone.blocks.11.norm2.bias", "module.tile_encoder.backbone.blocks.11.mlp.fc1.weight", "module.tile_encoder.backbone.blocks.11.mlp.fc1.bias", "module.tile_encoder.backbone.blocks.11.mlp.fc2.weight", "module.tile_encoder.backbone.blocks.11.mlp.fc2.bias", "module.tile_encoder.backbone.blocks.11.ls2.gamma", "module.tile_encoder.backbone.norm.weight", "module.tile_encoder.backbone.norm.bias", "module.t2t.blocks.0.norm1.weight", "module.t2t.blocks.0.norm1.bias", "module.t2t.blocks.0.attn.in_proj_weight", "module.t2t.blocks.0.attn.in_proj_bias", "module.t2t.blocks.0.attn.out_proj.weight", "module.t2t.blocks.0.attn.out_proj.bias", "module.t2t.blocks.0.norm2.weight", "module.t2t.blocks.0.norm2.bias", "module.t2t.blocks.0.ff.net.0.weight", "module.t2t.blocks.0.ff.net.0.bias", "module.t2t.blocks.0.ff.net.3.weight", "module.t2t.blocks.0.ff.net.3.bias", "module.t2t.blocks.1.norm1.weight", "module.t2t.blocks.1.norm1.bias", "module.t2t.blocks.1.attn.in_proj_weight", "module.t2t.blocks.1.attn.in_proj_bias", "module.t2t.blocks.1.attn.out_proj.weight", "module.t2t.blocks.1.attn.out_proj.bias", "module.t2t.blocks.1.norm2.weight", "module.t2t.blocks.1.norm2.bias", "module.t2t.blocks.1.ff.net.0.weight", "module.t2t.blocks.1.ff.net.0.bias", "module.t2t.blocks.1.ff.net.3.weight", "module.t2t.blocks.1.ff.net.3.bias", "module.cross.layers_s.0.norm1.weight", "module.cross.layers_s.0.norm1.bias", "module.cross.layers_s.0.attn.in_proj_weight", "module.cross.layers_s.0.attn.in_proj_bias", "module.cross.layers_s.0.attn.out_proj.weight", "module.cross.layers_s.0.attn.out_proj.bias", "module.cross.layers_s.0.norm2.weight", "module.cross.layers_s.0.norm2.bias", "module.cross.layers_s.0.ff.net.0.weight", "module.cross.layers_s.0.ff.net.0.bias", "module.cross.layers_s.0.ff.net.3.weight", "module.cross.layers_s.0.ff.net.3.bias", "module.cross.layers_s.1.norm1.weight", "module.cross.layers_s.1.norm1.bias", "module.cross.layers_s.1.attn.in_proj_weight", "module.cross.layers_s.1.attn.in_proj_bias", "module.cross.layers_s.1.attn.out_proj.weight", "module.cross.layers_s.1.attn.out_proj.bias", "module.cross.layers_s.1.norm2.weight", "module.cross.layers_s.1.norm2.bias", "module.cross.layers_s.1.ff.net.0.weight", "module.cross.layers_s.1.ff.net.0.bias", "module.cross.layers_s.1.ff.net.3.weight", "module.cross.layers_s.1.ff.net.3.bias", "module.cross.layers_b.0.norm1.weight", "module.cross.layers_b.0.norm1.bias", "module.cross.layers_b.0.attn.in_proj_weight", "module.cross.layers_b.0.attn.in_proj_bias", "module.cross.layers_b.0.attn.out_proj.weight", "module.cross.layers_b.0.attn.out_proj.bias", "module.cross.layers_b.0.norm2.weight", "module.cross.layers_b.0.norm2.bias", "module.cross.layers_b.0.ff.net.0.weight", "module.cross.layers_b.0.ff.net.0.bias", "module.cross.layers_b.0.ff.net.3.weight", "module.cross.layers_b.0.ff.net.3.bias", "module.cross.layers_b.1.norm1.weight", "module.cross.layers_b.1.norm1.bias", "module.cross.layers_b.1.attn.in_proj_weight", "module.cross.layers_b.1.attn.in_proj_bias", "module.cross.layers_b.1.attn.out_proj.weight", "module.cross.layers_b.1.attn.out_proj.bias", "module.cross.layers_b.1.norm2.weight", "module.cross.layers_b.1.norm2.bias", "module.cross.layers_b.1.ff.net.0.weight", "module.cross.layers_b.1.ff.net.0.bias", "module.cross.layers_b.1.ff.net.3.weight", "module.cross.layers_b.1.ff.net.3.bias", "module.cross.cross_s.0.in_proj_weight", "module.cross.cross_s.0.in_proj_bias", "module.cross.cross_s.0.out_proj.weight", "module.cross.cross_s.0.out_proj.bias", "module.cross.cross_s.1.in_proj_weight", "module.cross.cross_s.1.in_proj_bias", "module.cross.cross_s.1.out_proj.weight", "module.cross.cross_s.1.out_proj.bias", "module.cross.cross_b.0.in_proj_weight", "module.cross.cross_b.0.in_proj_bias", "module.cross.cross_b.0.out_proj.weight", "module.cross.cross_b.0.out_proj.bias", "module.cross.cross_b.1.in_proj_weight", "module.cross.cross_b.1.in_proj_bias", "module.cross.cross_b.1.out_proj.weight", "module.cross.cross_b.1.out_proj.bias", "module.cross.norm_s.weight", "module.cross.norm_s.bias", "module.cross.norm_b.weight", "module.cross.norm_b.bias", "module.pyramid.proj1.weight", "module.pyramid.proj1.bias", "module.pyramid.mobilevit.local.0.weight", "module.pyramid.mobilevit.local.0.bias", "module.pyramid.mobilevit.local.1.weight", "module.pyramid.mobilevit.local.1.bias", "module.pyramid.mobilevit.transformer.0.norm1.weight", "module.pyramid.mobilevit.transformer.0.norm1.bias", "module.pyramid.mobilevit.transformer.0.attn.in_proj_weight", "module.pyramid.mobilevit.transformer.0.attn.in_proj_bias", "module.pyramid.mobilevit.transformer.0.attn.out_proj.weight", "module.pyramid.mobilevit.transformer.0.attn.out_proj.bias", "module.pyramid.mobilevit.transformer.0.norm2.weight", "module.pyramid.mobilevit.transformer.0.norm2.bias", "module.pyramid.mobilevit.transformer.0.ff.net.0.weight", "module.pyramid.mobilevit.transformer.0.ff.net.0.bias", "module.pyramid.mobilevit.transformer.0.ff.net.3.weight", "module.pyramid.mobilevit.transformer.0.ff.net.3.bias", "module.pyramid.mobilevit.transformer.1.norm1.weight", "module.pyramid.mobilevit.transformer.1.norm1.bias", "module.pyramid.mobilevit.transformer.1.attn.in_proj_weight", "module.pyramid.mobilevit.transformer.1.attn.in_proj_bias", "module.pyramid.mobilevit.transformer.1.attn.out_proj.weight", "module.pyramid.mobilevit.transformer.1.attn.out_proj.bias", "module.pyramid.mobilevit.transformer.1.norm2.weight", "module.pyramid.mobilevit.transformer.1.norm2.bias", "module.pyramid.mobilevit.transformer.1.ff.net.0.weight", "module.pyramid.mobilevit.transformer.1.ff.net.0.bias", "module.pyramid.mobilevit.transformer.1.ff.net.3.weight", "module.pyramid.mobilevit.transformer.1.ff.net.3.bias", "module.pyramid.mobilevit.fuse.weight", "module.pyramid.mobilevit.fuse.bias", "module.pyramid.proj2.weight", "module.pyramid.proj2.bias", "module.pyramid.pvt.norm1.weight", "module.pyramid.pvt.norm1.bias", "module.pyramid.pvt.sra.q.weight", "module.pyramid.pvt.sra.q.bias", "module.pyramid.pvt.sra.kv.weight", "module.pyramid.pvt.sra.kv.bias", "module.pyramid.pvt.sra.sr.weight", "module.pyramid.pvt.sra.sr.bias", "module.pyramid.pvt.sra.norm.weight", "module.pyramid.pvt.sra.norm.bias", "module.pyramid.pvt.sra.proj.weight", "module.pyramid.pvt.sra.proj.bias", "module.pyramid.pvt.norm2.weight", "module.pyramid.pvt.norm2.bias", "module.pyramid.pvt.ff.net.0.weight", "module.pyramid.pvt.ff.net.0.bias", "module.pyramid.pvt.ff.net.3.weight", "module.pyramid.pvt.ff.net.3.bias", "module.pyramid.mamba_local.norm.weight", "module.pyramid.mamba_local.norm.bias", "module.pyramid.mamba_local.dwconv.weight", "module.pyramid.mamba_local.dwconv.bias", "module.pyramid.mamba_local.gate.weight", "module.pyramid.mamba_local.gate.bias", "module.pyramid.mamba_local.proj.weight", "module.pyramid.mamba_local.proj.bias", "module.pyramid.proj3.weight", "module.pyramid.proj3.bias", "module.pyramid.mamba_global.0.norm.weight", "module.pyramid.mamba_global.0.norm.bias", "module.pyramid.mamba_global.0.dwconv.weight", "module.pyramid.mamba_global.0.dwconv.bias", "module.pyramid.mamba_global.0.gate.weight", "module.pyramid.mamba_global.0.gate.bias", "module.pyramid.mamba_global.0.proj.weight", "module.pyramid.mamba_global.0.proj.bias", "module.pyramid.mamba_global.1.norm.weight", "module.pyramid.mamba_global.1.norm.bias", "module.pyramid.mamba_global.1.dwconv.weight", "module.pyramid.mamba_global.1.dwconv.bias", "module.pyramid.mamba_global.1.gate.weight", "module.pyramid.mamba_global.1.gate.bias", "module.pyramid.mamba_global.1.proj.weight", "module.pyramid.mamba_global.1.proj.bias", "module.pyramid.mamba_global.2.norm.weight", "module.pyramid.mamba_global.2.norm.bias", "module.pyramid.mamba_global.2.dwconv.weight", "module.pyramid.mamba_global.2.dwconv.bias", "module.pyramid.mamba_global.2.gate.weight", "module.pyramid.mamba_global.2.gate.bias", "module.pyramid.mamba_global.2.proj.weight", "module.pyramid.mamba_global.2.proj.bias", "module.pyramid.final_attn.norm1.weight", "module.pyramid.final_attn.norm1.bias", "module.pyramid.final_attn.attn.in_proj_weight", "module.pyramid.final_attn.attn.in_proj_bias", "module.pyramid.final_attn.attn.out_proj.weight", "module.pyramid.final_attn.attn.out_proj.bias", "module.pyramid.final_attn.norm2.weight", "module.pyramid.final_attn.norm2.bias", "module.pyramid.final_attn.ff.net.0.weight", "module.pyramid.final_attn.ff.net.0.bias", "module.pyramid.final_attn.ff.net.3.weight", "module.pyramid.final_attn.ff.net.3.bias", "module.head_green.0.weight", "module.head_green.0.bias", "module.head_green.3.weight", "module.head_green.3.bias", "module.head_clover.0.weight", "module.head_clover.0.bias", "module.head_clover.3.weight", "module.head_clover.3.bias", "module.head_dead.0.weight", "module.head_dead.0.bias", "module.head_dead.3.weight", "module.head_dead.3.bias", "module.score_head.0.weight", "module.score_head.0.bias", "module.score_head.1.weight", "module.score_head.1.bias", "module.aux_head.0.weight", "module.aux_head.0.bias", "module.aux_head.1.weight", "module.aux_head.1.bias", "module.cross_gate_left.weight", "module.cross_gate_left.bias", "module.cross_gate_right.weight", "module.cross_gate_right.bias". 
[2025-11-25 19:30:47] INFO - [Fold 0] 将从头开始训练
[2025-11-25 19:30:49] INFO - [Fold 0] SwanLab run_id 已保存: 6i6hil6wonqmmdogirlfx
[2025-11-25 19:30:49] INFO - [Fold 0] 训练开始，起始 epoch=1，stage=1
[2025-11-25 19:30:50] WARNING - Fold 0 训练被用户中断
[2025-11-25 19:33:14] INFO - 配置已写入 /home/aaa/Kaggle-Series-Competition/CSIRO-Image2Biomass-Prediction/experiments/v4_crosspvt_t2t_mamba/config.yaml
[2025-11-25 19:33:14] INFO - === 启动 v4 CrossPVT T2T Mamba 训练 ===
[2025-11-25 19:33:14] INFO - 设备: cuda, 混合精度: True
[2025-11-25 19:33:14] INFO - 实验目录: /home/aaa/Kaggle-Series-Competition/CSIRO-Image2Biomass-Prediction/experiments/v4_crosspvt_t2t_mamba
[2025-11-25 19:33:14] INFO - 数据样本: 357
[2025-11-25 19:33:14] INFO - 训练配置: Folds=[0, 1, 2, 3, 4], Resume Mode=auto
[2025-11-25 19:33:14] INFO - ================================================================================
[2025-11-25 19:33:14] INFO - 开始训练 Fold 0/4
[2025-11-25 19:33:14] INFO - ================================================================================
[2025-11-25 19:33:14] INFO - [Fold 0] 训练集: 285 样本 | 验证集: 72 样本
[2025-11-25 19:33:17] INFO - ✅ 使用 DINO 主干: vit_base_patch14_dinov2 | global_pool=token | feat_dim=768 | input_res=518
[2025-11-25 19:33:17] INFO - [Fold 0] Backbone: vit_base_patch14_dinov2 | 输入分辨率: 518
[2025-11-25 19:33:17] INFO - [Fold 0] Params: total=140.55M, trainable=140.55M
[2025-11-25 19:33:18] INFO - [Fold 0] 使用多 GPU (DataParallel)
[2025-11-25 19:33:18] INFO - [Fold 0] 自动检测到 checkpoint: /home/aaa/Kaggle-Series-Competition/CSIRO-Image2Biomass-Prediction/experiments/v4_crosspvt_t2t_mamba/fold_0/checkpoints/last.pt
[2025-11-25 19:33:18] INFO - [Fold 0] 正在加载 checkpoint: /home/aaa/Kaggle-Series-Competition/CSIRO-Image2Biomass-Prediction/experiments/v4_crosspvt_t2t_mamba/fold_0/checkpoints/last.pt
[2025-11-25 19:33:19] INFO - [Fold 0] ✓ 模型权重已加载
[2025-11-25 19:33:19] INFO - [Fold 0] ✓ 已加载历史记录 (60 epochs)
[2025-11-25 19:33:19] INFO - [Fold 0] ⚠️  该 fold 已完成训练 (Epoch 60/60)，跳过训练
[2025-11-25 19:33:19] INFO - [Fold 0] 最佳指标: WR2=0.5788, Loss=263.1820
[2025-11-25 19:33:19] INFO - ✓ Fold 0 训练完成
[2025-11-25 19:33:20] INFO - 等待 3 秒后继续下一个 fold...
[2025-11-25 19:33:23] INFO - ================================================================================
[2025-11-25 19:33:23] INFO - 开始训练 Fold 1/4
[2025-11-25 19:33:23] INFO - ================================================================================
[2025-11-25 19:33:23] INFO - [Fold 1] 训练集: 285 样本 | 验证集: 72 样本
[2025-11-25 19:33:25] INFO - ✅ 使用 DINO 主干: vit_base_patch14_dinov2 | global_pool=token | feat_dim=768 | input_res=518
[2025-11-25 19:33:25] INFO - [Fold 1] Backbone: vit_base_patch14_dinov2 | 输入分辨率: 518
[2025-11-25 19:33:25] INFO - [Fold 1] Params: total=140.55M, trainable=140.55M
[2025-11-25 19:33:26] INFO - [Fold 1] 使用多 GPU (DataParallel)
[2025-11-25 19:33:26] INFO - [Fold 1] 自动检测到 checkpoint: /home/aaa/Kaggle-Series-Competition/CSIRO-Image2Biomass-Prediction/experiments/v4_crosspvt_t2t_mamba/fold_1/checkpoints/last.pt
[2025-11-25 19:33:26] INFO - [Fold 1] 正在加载 checkpoint: /home/aaa/Kaggle-Series-Competition/CSIRO-Image2Biomass-Prediction/experiments/v4_crosspvt_t2t_mamba/fold_1/checkpoints/last.pt
[2025-11-25 19:33:27] INFO - [Fold 1] ✓ 模型权重已加载
[2025-11-25 19:33:27] INFO - [Fold 1] ✓ 断点恢复成功 | Epoch: 56 → 57 | Best WR2: 0.5828 | Best Loss: 139.6269 | Stage: 2
[2025-11-25 19:33:30] INFO - [Fold 1] SwanLab run_id 已保存: b8xhxiu5n9haf6gawlrep
[2025-11-25 19:33:30] INFO - [Fold 1] 训练开始，起始 epoch=57，stage=2
[2025-11-25 19:33:37] ERROR - ✗ Fold 1 训练失败: Caught OutOfMemoryError in replica 0 on device 0.
Original Traceback (most recent call last):
  File "/home/aaa/miniconda3/envs/kaggle/lib/python3.14/site-packages/torch/nn/parallel/parallel_apply.py", line 99, in _worker
    output = module(*input, **kwargs)
  File "/home/aaa/miniconda3/envs/kaggle/lib/python3.14/site-packages/torch/nn/modules/module.py", line 1775, in _wrapped_call_impl
    return self._call_impl(*args, **kwargs)
           ~~~~~~~~~~~~~~~^^^^^^^^^^^^^^^^^
  File "/home/aaa/miniconda3/envs/kaggle/lib/python3.14/site-packages/torch/nn/modules/module.py", line 1786, in _call_impl
    return forward_call(*args, **kwargs)
  File "/home/aaa/Kaggle-Series-Competition/CSIRO-Image2Biomass-Prediction/experiments/v4_crosspvt_t2t_mamba/train.py", line 929, in forward
    feat_l, feats_l = self._half_forward(x_left)
                      ~~~~~~~~~~~~~~~~~~^^^^^^^^
  File "/home/aaa/Kaggle-Series-Competition/CSIRO-Image2Biomass-Prediction/experiments/v4_crosspvt_t2t_mamba/train.py", line 905, in _half_forward
    tiles_small = self.tile_encoder(x_half, CFG.small_grid)
  File "/home/aaa/miniconda3/envs/kaggle/lib/python3.14/site-packages/torch/nn/modules/module.py", line 1775, in _wrapped_call_impl
    return self._call_impl(*args, **kwargs)
           ~~~~~~~~~~~~~~~^^^^^^^^^^^^^^^^^
  File "/home/aaa/miniconda3/envs/kaggle/lib/python3.14/site-packages/torch/nn/modules/module.py", line 1786, in _call_impl
    return forward_call(*args, **kwargs)
  File "/home/aaa/Kaggle-Series-Competition/CSIRO-Image2Biomass-Prediction/experiments/v4_crosspvt_t2t_mamba/train.py", line 737, in forward
    feats = self.backbone(flat)
  File "/home/aaa/miniconda3/envs/kaggle/lib/python3.14/site-packages/torch/nn/modules/module.py", line 1775, in _wrapped_call_impl
    return self._call_impl(*args, **kwargs)
           ~~~~~~~~~~~~~~~^^^^^^^^^^^^^^^^^
  File "/home/aaa/miniconda3/envs/kaggle/lib/python3.14/site-packages/torch/nn/modules/module.py", line 1786, in _call_impl
    return forward_call(*args, **kwargs)
  File "/home/aaa/miniconda3/envs/kaggle/lib/python3.14/site-packages/timm/models/vision_transformer.py", line 992, in forward
    x = self.forward_features(x, attn_mask=attn_mask)
  File "/home/aaa/miniconda3/envs/kaggle/lib/python3.14/site-packages/timm/models/vision_transformer.py", line 945, in forward_features
    x = checkpoint_seq(self.blocks, x)
  File "/home/aaa/miniconda3/envs/kaggle/lib/python3.14/site-packages/timm/models/_manipulate.py", line 278, in checkpoint_seq
    x = torch.utils.checkpoint.checkpoint(
        run_function(start, end, functions),
        x,
        use_reentrant=use_reentrant,
    )
  File "/home/aaa/miniconda3/envs/kaggle/lib/python3.14/site-packages/torch/_compile.py", line 53, in inner
    return disable_fn(*args, **kwargs)
  File "/home/aaa/miniconda3/envs/kaggle/lib/python3.14/site-packages/torch/_dynamo/eval_frame.py", line 1044, in _fn
    return fn(*args, **kwargs)
  File "/home/aaa/miniconda3/envs/kaggle/lib/python3.14/site-packages/torch/utils/checkpoint.py", line 503, in checkpoint
    ret = function(*args, **kwargs)
  File "/home/aaa/miniconda3/envs/kaggle/lib/python3.14/site-packages/timm/models/_manipulate.py", line 261, in forward
    _x = functions[j](_x)
  File "/home/aaa/miniconda3/envs/kaggle/lib/python3.14/site-packages/torch/nn/modules/module.py", line 1775, in _wrapped_call_impl
    return self._call_impl(*args, **kwargs)
           ~~~~~~~~~~~~~~~^^^^^^^^^^^^^^^^^
  File "/home/aaa/miniconda3/envs/kaggle/lib/python3.14/site-packages/torch/nn/modules/module.py", line 1786, in _call_impl
    return forward_call(*args, **kwargs)
  File "/home/aaa/miniconda3/envs/kaggle/lib/python3.14/site-packages/timm/models/vision_transformer.py", line 156, in forward
    x = x + self.drop_path2(self.ls2(self.mlp(self.norm2(x))))
                                     ~~~~~~~~^^^^^^^^^^^^^^^
  File "/home/aaa/miniconda3/envs/kaggle/lib/python3.14/site-packages/torch/nn/modules/module.py", line 1775, in _wrapped_call_impl
    return self._call_impl(*args, **kwargs)
           ~~~~~~~~~~~~~~~^^^^^^^^^^^^^^^^^
  File "/home/aaa/miniconda3/envs/kaggle/lib/python3.14/site-packages/torch/nn/modules/module.py", line 1786, in _call_impl
    return forward_call(*args, **kwargs)
  File "/home/aaa/miniconda3/envs/kaggle/lib/python3.14/site-packages/timm/layers/mlp.py", line 49, in forward
    x = self.act(x)
  File "/home/aaa/miniconda3/envs/kaggle/lib/python3.14/site-packages/torch/nn/modules/module.py", line 1775, in _wrapped_call_impl
    return self._call_impl(*args, **kwargs)
           ~~~~~~~~~~~~~~~^^^^^^^^^^^^^^^^^
  File "/home/aaa/miniconda3/envs/kaggle/lib/python3.14/site-packages/torch/nn/modules/module.py", line 1786, in _call_impl
    return forward_call(*args, **kwargs)
  File "/home/aaa/miniconda3/envs/kaggle/lib/python3.14/site-packages/torch/nn/modules/activation.py", line 816, in forward
    return F.gelu(input, approximate=self.approximate)
           ~~~~~~^^^^^^^^^^^^^^^^^^^^^^^^^^^^^^^^^^^^^
torch.OutOfMemoryError: CUDA out of memory. Tried to allocate 258.00 MiB. GPU 0 has a total capacity of 14.56 GiB of which 99.44 MiB is free. Process 3804700 has 9.22 GiB memory in use. Process 3967564 has 1.87 GiB memory in use. Including non-PyTorch memory, this process has 3.37 GiB memory in use. Of the allocated memory 2.92 GiB is allocated by PyTorch, and 266.79 MiB is reserved by PyTorch but unallocated. If reserved but unallocated memory is large try setting PYTORCH_CUDA_ALLOC_CONF=expandable_segments:True to avoid fragmentation.  See documentation for Memory Management  (https://pytorch.org/docs/stable/notes/cuda.html#environment-variables)
Traceback (most recent call last):
  File "/home/aaa/Kaggle-Series-Competition/CSIRO-Image2Biomass-Prediction/experiments/v4_crosspvt_t2t_mamba/train.py", line 1603, in main
    run_fold(fold, df_wide, CFG.project, resume_path=resume_path, resume_mode=resume_mode)
    ~~~~~~~~^^^^^^^^^^^^^^^^^^^^^^^^^^^^^^^^^^^^^^^^^^^^^^^^^^^^^^^^^^^^^^^^^^^^^^^^^^^^^^
  File "/home/aaa/Kaggle-Series-Competition/CSIRO-Image2Biomass-Prediction/experiments/v4_crosspvt_t2t_mamba/train.py", line 1464, in run_fold
    tr_loss = train_one_epoch(model, train_loader, optimizer, criterion, scaler, ep, sw_run=run)
  File "/home/aaa/Kaggle-Series-Competition/CSIRO-Image2Biomass-Prediction/experiments/v4_crosspvt_t2t_mamba/train.py", line 1039, in train_one_epoch
    out = model(xl, xr, return_features=False)
  File "/home/aaa/miniconda3/envs/kaggle/lib/python3.14/site-packages/torch/nn/modules/module.py", line 1775, in _wrapped_call_impl
    return self._call_impl(*args, **kwargs)
           ~~~~~~~~~~~~~~~^^^^^^^^^^^^^^^^^
  File "/home/aaa/miniconda3/envs/kaggle/lib/python3.14/site-packages/torch/nn/modules/module.py", line 1786, in _call_impl
    return forward_call(*args, **kwargs)
  File "/home/aaa/miniconda3/envs/kaggle/lib/python3.14/site-packages/torch/nn/parallel/data_parallel.py", line 194, in forward
    outputs = self.parallel_apply(replicas, inputs, module_kwargs)
  File "/home/aaa/miniconda3/envs/kaggle/lib/python3.14/site-packages/torch/nn/parallel/data_parallel.py", line 213, in parallel_apply
    return parallel_apply(
        replicas, inputs, kwargs, self.device_ids[: len(replicas)]
    )
  File "/home/aaa/miniconda3/envs/kaggle/lib/python3.14/site-packages/torch/nn/parallel/parallel_apply.py", line 129, in parallel_apply
    output.reraise()
    ~~~~~~~~~~~~~~^^
  File "/home/aaa/miniconda3/envs/kaggle/lib/python3.14/site-packages/torch/_utils.py", line 769, in reraise
    raise exception
torch.OutOfMemoryError: Caught OutOfMemoryError in replica 0 on device 0.
Original Traceback (most recent call last):
  File "/home/aaa/miniconda3/envs/kaggle/lib/python3.14/site-packages/torch/nn/parallel/parallel_apply.py", line 99, in _worker
    output = module(*input, **kwargs)
  File "/home/aaa/miniconda3/envs/kaggle/lib/python3.14/site-packages/torch/nn/modules/module.py", line 1775, in _wrapped_call_impl
    return self._call_impl(*args, **kwargs)
           ~~~~~~~~~~~~~~~^^^^^^^^^^^^^^^^^
  File "/home/aaa/miniconda3/envs/kaggle/lib/python3.14/site-packages/torch/nn/modules/module.py", line 1786, in _call_impl
    return forward_call(*args, **kwargs)
  File "/home/aaa/Kaggle-Series-Competition/CSIRO-Image2Biomass-Prediction/experiments/v4_crosspvt_t2t_mamba/train.py", line 929, in forward
    feat_l, feats_l = self._half_forward(x_left)
                      ~~~~~~~~~~~~~~~~~~^^^^^^^^
  File "/home/aaa/Kaggle-Series-Competition/CSIRO-Image2Biomass-Prediction/experiments/v4_crosspvt_t2t_mamba/train.py", line 905, in _half_forward
    tiles_small = self.tile_encoder(x_half, CFG.small_grid)
  File "/home/aaa/miniconda3/envs/kaggle/lib/python3.14/site-packages/torch/nn/modules/module.py", line 1775, in _wrapped_call_impl
    return self._call_impl(*args, **kwargs)
           ~~~~~~~~~~~~~~~^^^^^^^^^^^^^^^^^
  File "/home/aaa/miniconda3/envs/kaggle/lib/python3.14/site-packages/torch/nn/modules/module.py", line 1786, in _call_impl
    return forward_call(*args, **kwargs)
  File "/home/aaa/Kaggle-Series-Competition/CSIRO-Image2Biomass-Prediction/experiments/v4_crosspvt_t2t_mamba/train.py", line 737, in forward
    feats = self.backbone(flat)
  File "/home/aaa/miniconda3/envs/kaggle/lib/python3.14/site-packages/torch/nn/modules/module.py", line 1775, in _wrapped_call_impl
    return self._call_impl(*args, **kwargs)
           ~~~~~~~~~~~~~~~^^^^^^^^^^^^^^^^^
  File "/home/aaa/miniconda3/envs/kaggle/lib/python3.14/site-packages/torch/nn/modules/module.py", line 1786, in _call_impl
    return forward_call(*args, **kwargs)
  File "/home/aaa/miniconda3/envs/kaggle/lib/python3.14/site-packages/timm/models/vision_transformer.py", line 992, in forward
    x = self.forward_features(x, attn_mask=attn_mask)
  File "/home/aaa/miniconda3/envs/kaggle/lib/python3.14/site-packages/timm/models/vision_transformer.py", line 945, in forward_features
    x = checkpoint_seq(self.blocks, x)
  File "/home/aaa/miniconda3/envs/kaggle/lib/python3.14/site-packages/timm/models/_manipulate.py", line 278, in checkpoint_seq
    x = torch.utils.checkpoint.checkpoint(
        run_function(start, end, functions),
        x,
        use_reentrant=use_reentrant,
    )
  File "/home/aaa/miniconda3/envs/kaggle/lib/python3.14/site-packages/torch/_compile.py", line 53, in inner
    return disable_fn(*args, **kwargs)
  File "/home/aaa/miniconda3/envs/kaggle/lib/python3.14/site-packages/torch/_dynamo/eval_frame.py", line 1044, in _fn
    return fn(*args, **kwargs)
  File "/home/aaa/miniconda3/envs/kaggle/lib/python3.14/site-packages/torch/utils/checkpoint.py", line 503, in checkpoint
    ret = function(*args, **kwargs)
  File "/home/aaa/miniconda3/envs/kaggle/lib/python3.14/site-packages/timm/models/_manipulate.py", line 261, in forward
    _x = functions[j](_x)
  File "/home/aaa/miniconda3/envs/kaggle/lib/python3.14/site-packages/torch/nn/modules/module.py", line 1775, in _wrapped_call_impl
    return self._call_impl(*args, **kwargs)
           ~~~~~~~~~~~~~~~^^^^^^^^^^^^^^^^^
  File "/home/aaa/miniconda3/envs/kaggle/lib/python3.14/site-packages/torch/nn/modules/module.py", line 1786, in _call_impl
    return forward_call(*args, **kwargs)
  File "/home/aaa/miniconda3/envs/kaggle/lib/python3.14/site-packages/timm/models/vision_transformer.py", line 156, in forward
    x = x + self.drop_path2(self.ls2(self.mlp(self.norm2(x))))
                                     ~~~~~~~~^^^^^^^^^^^^^^^
  File "/home/aaa/miniconda3/envs/kaggle/lib/python3.14/site-packages/torch/nn/modules/module.py", line 1775, in _wrapped_call_impl
    return self._call_impl(*args, **kwargs)
           ~~~~~~~~~~~~~~~^^^^^^^^^^^^^^^^^
  File "/home/aaa/miniconda3/envs/kaggle/lib/python3.14/site-packages/torch/nn/modules/module.py", line 1786, in _call_impl
    return forward_call(*args, **kwargs)
  File "/home/aaa/miniconda3/envs/kaggle/lib/python3.14/site-packages/timm/layers/mlp.py", line 49, in forward
    x = self.act(x)
  File "/home/aaa/miniconda3/envs/kaggle/lib/python3.14/site-packages/torch/nn/modules/module.py", line 1775, in _wrapped_call_impl
    return self._call_impl(*args, **kwargs)
           ~~~~~~~~~~~~~~~^^^^^^^^^^^^^^^^^
  File "/home/aaa/miniconda3/envs/kaggle/lib/python3.14/site-packages/torch/nn/modules/module.py", line 1786, in _call_impl
    return forward_call(*args, **kwargs)
  File "/home/aaa/miniconda3/envs/kaggle/lib/python3.14/site-packages/torch/nn/modules/activation.py", line 816, in forward
    return F.gelu(input, approximate=self.approximate)
           ~~~~~~^^^^^^^^^^^^^^^^^^^^^^^^^^^^^^^^^^^^^
torch.OutOfMemoryError: CUDA out of memory. Tried to allocate 258.00 MiB. GPU 0 has a total capacity of 14.56 GiB of which 99.44 MiB is free. Process 3804700 has 9.22 GiB memory in use. Process 3967564 has 1.87 GiB memory in use. Including non-PyTorch memory, this process has 3.37 GiB memory in use. Of the allocated memory 2.92 GiB is allocated by PyTorch, and 266.79 MiB is reserved by PyTorch but unallocated. If reserved but unallocated memory is large try setting PYTORCH_CUDA_ALLOC_CONF=expandable_segments:True to avoid fragmentation.  See documentation for Memory Management  (https://pytorch.org/docs/stable/notes/cuda.html#environment-variables)

[2025-11-25 19:33:37] INFO - 继续下一个 fold...
[2025-11-25 19:33:58] INFO - 等待 3 秒后继续下一个 fold...
[2025-11-25 19:34:01] INFO - ================================================================================
[2025-11-25 19:34:01] INFO - 开始训练 Fold 2/4
[2025-11-25 19:34:01] INFO - ================================================================================
[2025-11-25 19:34:01] INFO - [Fold 2] 训练集: 286 样本 | 验证集: 71 样本
[2025-11-25 19:34:03] INFO - ✅ 使用 DINO 主干: vit_base_patch14_dinov2 | global_pool=token | feat_dim=768 | input_res=518
[2025-11-25 19:34:04] INFO - [Fold 2] Backbone: vit_base_patch14_dinov2 | 输入分辨率: 518
[2025-11-25 19:34:04] INFO - [Fold 2] Params: total=140.55M, trainable=140.55M
[2025-11-25 19:34:04] INFO - [Fold 2] 使用多 GPU (DataParallel)
[2025-11-25 19:34:04] INFO - [Fold 2] 未找到 checkpoint，从头开始训练
[2025-11-25 19:34:04] INFO - [Fold 2] SwanLab run_id 已保存: b8xhxiu5n9haf6gawlrep
[2025-11-25 19:34:04] INFO - [Fold 2] 训练开始，起始 epoch=1，stage=1
[2025-11-25 19:37:43] ERROR - ✗ Fold 2 训练失败: Caught TypeError in replica 1 on device 1.
Original Traceback (most recent call last):
  File "/home/aaa/miniconda3/envs/kaggle/lib/python3.14/site-packages/torch/nn/parallel/parallel_apply.py", line 99, in _worker
    output = module(*input, **kwargs)
  File "/home/aaa/miniconda3/envs/kaggle/lib/python3.14/site-packages/torch/nn/modules/module.py", line 1775, in _wrapped_call_impl
    return self._call_impl(*args, **kwargs)
           ~~~~~~~~~~~~~~~^^^^^^^^^^^^^^^^^
  File "/home/aaa/miniconda3/envs/kaggle/lib/python3.14/site-packages/torch/nn/modules/module.py", line 1786, in _call_impl
    return forward_call(*args, **kwargs)
TypeError: CrossPVT_T2T_MambaDINO.forward() missing 2 required positional arguments: 'x_left' and 'x_right'
Traceback (most recent call last):
  File "/home/aaa/Kaggle-Series-Competition/CSIRO-Image2Biomass-Prediction/experiments/v4_crosspvt_t2t_mamba/train.py", line 1603, in main
    run_fold(fold, df_wide, CFG.project, resume_path=resume_path, resume_mode=resume_mode)
    ~~~~~~~~^^^^^^^^^^^^^^^^^^^^^^^^^^^^^^^^^^^^^^^^^^^^^^^^^^^^^^^^^^^^^^^^^^^^^^^^^^^^^^
  File "/home/aaa/Kaggle-Series-Competition/CSIRO-Image2Biomass-Prediction/experiments/v4_crosspvt_t2t_mamba/train.py", line 1465, in run_fold
    va_loss, wr2, per_r2, per_mae, per_rmse, y_true, y_pred = validate(
                                                              ~~~~~~~~^
        model, valid_loader, criterion, sw_run=run, epoch_idx=ep, log_images=(ep % CFG.log_image_every == 0)
        ^^^^^^^^^^^^^^^^^^^^^^^^^^^^^^^^^^^^^^^^^^^^^^^^^^^^^^^^^^^^^^^^^^^^^^^^^^^^^^^^^^^^^^^^^^^^^^^^^^^^
    )
    ^
  File "/home/aaa/miniconda3/envs/kaggle/lib/python3.14/site-packages/torch/utils/_contextlib.py", line 120, in decorate_context
    return func(*args, **kwargs)
  File "/home/aaa/Kaggle-Series-Competition/CSIRO-Image2Biomass-Prediction/experiments/v4_crosspvt_t2t_mamba/train.py", line 1089, in validate
    out = model(xl, xr, return_features=log_images and step == 0)
  File "/home/aaa/miniconda3/envs/kaggle/lib/python3.14/site-packages/torch/nn/modules/module.py", line 1775, in _wrapped_call_impl
    return self._call_impl(*args, **kwargs)
           ~~~~~~~~~~~~~~~^^^^^^^^^^^^^^^^^
  File "/home/aaa/miniconda3/envs/kaggle/lib/python3.14/site-packages/torch/nn/modules/module.py", line 1786, in _call_impl
    return forward_call(*args, **kwargs)
  File "/home/aaa/miniconda3/envs/kaggle/lib/python3.14/site-packages/torch/nn/parallel/data_parallel.py", line 194, in forward
    outputs = self.parallel_apply(replicas, inputs, module_kwargs)
  File "/home/aaa/miniconda3/envs/kaggle/lib/python3.14/site-packages/torch/nn/parallel/data_parallel.py", line 213, in parallel_apply
    return parallel_apply(
        replicas, inputs, kwargs, self.device_ids[: len(replicas)]
    )
  File "/home/aaa/miniconda3/envs/kaggle/lib/python3.14/site-packages/torch/nn/parallel/parallel_apply.py", line 129, in parallel_apply
    output.reraise()
    ~~~~~~~~~~~~~~^^
  File "/home/aaa/miniconda3/envs/kaggle/lib/python3.14/site-packages/torch/_utils.py", line 769, in reraise
    raise exception
TypeError: Caught TypeError in replica 1 on device 1.
Original Traceback (most recent call last):
  File "/home/aaa/miniconda3/envs/kaggle/lib/python3.14/site-packages/torch/nn/parallel/parallel_apply.py", line 99, in _worker
    output = module(*input, **kwargs)
  File "/home/aaa/miniconda3/envs/kaggle/lib/python3.14/site-packages/torch/nn/modules/module.py", line 1775, in _wrapped_call_impl
    return self._call_impl(*args, **kwargs)
           ~~~~~~~~~~~~~~~^^^^^^^^^^^^^^^^^
  File "/home/aaa/miniconda3/envs/kaggle/lib/python3.14/site-packages/torch/nn/modules/module.py", line 1786, in _call_impl
    return forward_call(*args, **kwargs)
TypeError: CrossPVT_T2T_MambaDINO.forward() missing 2 required positional arguments: 'x_left' and 'x_right'

[2025-11-25 19:37:43] INFO - 继续下一个 fold...
[2025-11-25 19:38:04] INFO - 等待 3 秒后继续下一个 fold...
[2025-11-25 19:38:07] INFO - ================================================================================
[2025-11-25 19:38:07] INFO - 开始训练 Fold 3/4
[2025-11-25 19:38:07] INFO - ================================================================================
[2025-11-25 19:38:07] INFO - [Fold 3] 训练集: 286 样本 | 验证集: 71 样本
[2025-11-25 19:38:10] INFO - ✅ 使用 DINO 主干: vit_base_patch14_dinov2 | global_pool=token | feat_dim=768 | input_res=518
[2025-11-25 19:38:10] INFO - [Fold 3] Backbone: vit_base_patch14_dinov2 | 输入分辨率: 518
[2025-11-25 19:38:10] INFO - [Fold 3] Params: total=140.55M, trainable=140.55M
[2025-11-25 19:38:10] INFO - [Fold 3] 使用多 GPU (DataParallel)
[2025-11-25 19:38:10] INFO - [Fold 3] 未找到 checkpoint，从头开始训练
[2025-11-25 19:38:10] INFO - [Fold 3] SwanLab run_id 已保存: b8xhxiu5n9haf6gawlrep
[2025-11-25 19:38:10] INFO - [Fold 3] 训练开始，起始 epoch=1，stage=1
[2025-11-25 19:41:45] ERROR - ✗ Fold 3 训练失败: Caught TypeError in replica 1 on device 1.
Original Traceback (most recent call last):
  File "/home/aaa/miniconda3/envs/kaggle/lib/python3.14/site-packages/torch/nn/parallel/parallel_apply.py", line 99, in _worker
    output = module(*input, **kwargs)
  File "/home/aaa/miniconda3/envs/kaggle/lib/python3.14/site-packages/torch/nn/modules/module.py", line 1775, in _wrapped_call_impl
    return self._call_impl(*args, **kwargs)
           ~~~~~~~~~~~~~~~^^^^^^^^^^^^^^^^^
  File "/home/aaa/miniconda3/envs/kaggle/lib/python3.14/site-packages/torch/nn/modules/module.py", line 1786, in _call_impl
    return forward_call(*args, **kwargs)
TypeError: CrossPVT_T2T_MambaDINO.forward() missing 2 required positional arguments: 'x_left' and 'x_right'
Traceback (most recent call last):
  File "/home/aaa/Kaggle-Series-Competition/CSIRO-Image2Biomass-Prediction/experiments/v4_crosspvt_t2t_mamba/train.py", line 1603, in main
    run_fold(fold, df_wide, CFG.project, resume_path=resume_path, resume_mode=resume_mode)
    ~~~~~~~~^^^^^^^^^^^^^^^^^^^^^^^^^^^^^^^^^^^^^^^^^^^^^^^^^^^^^^^^^^^^^^^^^^^^^^^^^^^^^^
  File "/home/aaa/Kaggle-Series-Competition/CSIRO-Image2Biomass-Prediction/experiments/v4_crosspvt_t2t_mamba/train.py", line 1465, in run_fold
    va_loss, wr2, per_r2, per_mae, per_rmse, y_true, y_pred = validate(
                                                              ~~~~~~~~^
        model, valid_loader, criterion, sw_run=run, epoch_idx=ep, log_images=(ep % CFG.log_image_every == 0)
        ^^^^^^^^^^^^^^^^^^^^^^^^^^^^^^^^^^^^^^^^^^^^^^^^^^^^^^^^^^^^^^^^^^^^^^^^^^^^^^^^^^^^^^^^^^^^^^^^^^^^
    )
    ^
  File "/home/aaa/miniconda3/envs/kaggle/lib/python3.14/site-packages/torch/utils/_contextlib.py", line 120, in decorate_context
    return func(*args, **kwargs)
  File "/home/aaa/Kaggle-Series-Competition/CSIRO-Image2Biomass-Prediction/experiments/v4_crosspvt_t2t_mamba/train.py", line 1089, in validate
    out = model(xl, xr, return_features=log_images and step == 0)
  File "/home/aaa/miniconda3/envs/kaggle/lib/python3.14/site-packages/torch/nn/modules/module.py", line 1775, in _wrapped_call_impl
    return self._call_impl(*args, **kwargs)
           ~~~~~~~~~~~~~~~^^^^^^^^^^^^^^^^^
  File "/home/aaa/miniconda3/envs/kaggle/lib/python3.14/site-packages/torch/nn/modules/module.py", line 1786, in _call_impl
    return forward_call(*args, **kwargs)
  File "/home/aaa/miniconda3/envs/kaggle/lib/python3.14/site-packages/torch/nn/parallel/data_parallel.py", line 194, in forward
    outputs = self.parallel_apply(replicas, inputs, module_kwargs)
  File "/home/aaa/miniconda3/envs/kaggle/lib/python3.14/site-packages/torch/nn/parallel/data_parallel.py", line 213, in parallel_apply
    return parallel_apply(
        replicas, inputs, kwargs, self.device_ids[: len(replicas)]
    )
  File "/home/aaa/miniconda3/envs/kaggle/lib/python3.14/site-packages/torch/nn/parallel/parallel_apply.py", line 129, in parallel_apply
    output.reraise()
    ~~~~~~~~~~~~~~^^
  File "/home/aaa/miniconda3/envs/kaggle/lib/python3.14/site-packages/torch/_utils.py", line 769, in reraise
    raise exception
TypeError: Caught TypeError in replica 1 on device 1.
Original Traceback (most recent call last):
  File "/home/aaa/miniconda3/envs/kaggle/lib/python3.14/site-packages/torch/nn/parallel/parallel_apply.py", line 99, in _worker
    output = module(*input, **kwargs)
  File "/home/aaa/miniconda3/envs/kaggle/lib/python3.14/site-packages/torch/nn/modules/module.py", line 1775, in _wrapped_call_impl
    return self._call_impl(*args, **kwargs)
           ~~~~~~~~~~~~~~~^^^^^^^^^^^^^^^^^
  File "/home/aaa/miniconda3/envs/kaggle/lib/python3.14/site-packages/torch/nn/modules/module.py", line 1786, in _call_impl
    return forward_call(*args, **kwargs)
TypeError: CrossPVT_T2T_MambaDINO.forward() missing 2 required positional arguments: 'x_left' and 'x_right'

[2025-11-25 19:41:45] INFO - 继续下一个 fold...
[2025-11-25 19:42:01] INFO - 等待 3 秒后继续下一个 fold...
[2025-11-25 19:42:04] INFO - ================================================================================
[2025-11-25 19:42:04] INFO - 开始训练 Fold 4/4
[2025-11-25 19:42:04] INFO - ================================================================================
[2025-11-25 19:42:04] INFO - [Fold 4] 训练集: 286 样本 | 验证集: 71 样本
[2025-11-25 19:42:07] INFO - ✅ 使用 DINO 主干: vit_base_patch14_dinov2 | global_pool=token | feat_dim=768 | input_res=518
[2025-11-25 19:42:08] INFO - [Fold 4] Backbone: vit_base_patch14_dinov2 | 输入分辨率: 518
[2025-11-25 19:42:08] INFO - [Fold 4] Params: total=140.55M, trainable=140.55M
[2025-11-25 19:42:08] INFO - [Fold 4] 使用多 GPU (DataParallel)
[2025-11-25 19:42:08] INFO - [Fold 4] 未找到 checkpoint，从头开始训练
[2025-11-25 19:42:08] INFO - [Fold 4] SwanLab run_id 已保存: b8xhxiu5n9haf6gawlrep
[2025-11-25 19:42:08] INFO - [Fold 4] 训练开始，起始 epoch=1，stage=1
[2025-11-25 19:43:20] WARNING - Fold 4 训练被用户中断
[2025-11-25 19:43:30] INFO - 配置已写入 /home/aaa/Kaggle-Series-Competition/CSIRO-Image2Biomass-Prediction/experiments/v4_crosspvt_t2t_mamba/config.yaml
[2025-11-25 19:43:30] INFO - === 启动 v4 CrossPVT T2T Mamba 训练 ===
[2025-11-25 19:43:30] INFO - 设备: cuda, 混合精度: True
[2025-11-25 19:43:30] INFO - 实验目录: /home/aaa/Kaggle-Series-Competition/CSIRO-Image2Biomass-Prediction/experiments/v4_crosspvt_t2t_mamba
[2025-11-25 19:43:30] INFO - 数据样本: 357
[2025-11-25 19:43:30] INFO - 训练配置: Folds=[0, 1, 2, 3, 4], Resume Mode=auto
[2025-11-25 19:43:30] INFO - ================================================================================
[2025-11-25 19:43:30] INFO - 开始训练 Fold 0/4
[2025-11-25 19:43:30] INFO - ================================================================================
[2025-11-25 19:43:30] INFO - [Fold 0] 训练集: 285 样本 | 验证集: 72 样本
[2025-11-25 19:43:32] INFO - ✅ 使用 DINO 主干: vit_base_patch14_dinov2 | global_pool=token | feat_dim=768 | input_res=518
[2025-11-25 19:43:33] INFO - [Fold 0] Backbone: vit_base_patch14_dinov2 | 输入分辨率: 518
[2025-11-25 19:43:33] INFO - [Fold 0] Params: total=140.55M, trainable=140.55M
[2025-11-25 19:43:33] INFO - [Fold 0] 使用多 GPU (DataParallel)
[2025-11-25 19:43:33] INFO - [Fold 0] 自动检测到 checkpoint: /home/aaa/Kaggle-Series-Competition/CSIRO-Image2Biomass-Prediction/experiments/v4_crosspvt_t2t_mamba/fold_0/checkpoints/last.pt
[2025-11-25 19:43:33] INFO - [Fold 0] 正在加载 checkpoint: /home/aaa/Kaggle-Series-Competition/CSIRO-Image2Biomass-Prediction/experiments/v4_crosspvt_t2t_mamba/fold_0/checkpoints/last.pt
[2025-11-25 19:43:35] INFO - [Fold 0] ✓ 模型权重已加载
[2025-11-25 19:43:35] INFO - [Fold 0] ✓ 已加载历史记录 (60 epochs)
[2025-11-25 19:43:35] INFO - [Fold 0] ⚠️  该 fold 已完成训练 (Epoch 60/60)，跳过训练
[2025-11-25 19:43:35] INFO - [Fold 0] 最佳指标: WR2=0.5788, Loss=263.1820
[2025-11-25 19:43:35] INFO - ✓ Fold 0 训练完成
[2025-11-25 19:43:35] INFO - 等待 3 秒后继续下一个 fold...
[2025-11-25 19:43:38] INFO - ================================================================================
[2025-11-25 19:43:38] INFO - 开始训练 Fold 1/4
[2025-11-25 19:43:38] INFO - ================================================================================
[2025-11-25 19:43:38] INFO - [Fold 1] 训练集: 285 样本 | 验证集: 72 样本
[2025-11-25 19:43:41] INFO - ✅ 使用 DINO 主干: vit_base_patch14_dinov2 | global_pool=token | feat_dim=768 | input_res=518
[2025-11-25 19:43:41] INFO - [Fold 1] Backbone: vit_base_patch14_dinov2 | 输入分辨率: 518
[2025-11-25 19:43:41] INFO - [Fold 1] Params: total=140.55M, trainable=140.55M
[2025-11-25 19:43:42] INFO - [Fold 1] 使用多 GPU (DataParallel)
[2025-11-25 19:43:42] INFO - [Fold 1] 自动检测到 checkpoint: /home/aaa/Kaggle-Series-Competition/CSIRO-Image2Biomass-Prediction/experiments/v4_crosspvt_t2t_mamba/fold_1/checkpoints/last.pt
[2025-11-25 19:43:42] INFO - [Fold 1] 正在加载 checkpoint: /home/aaa/Kaggle-Series-Competition/CSIRO-Image2Biomass-Prediction/experiments/v4_crosspvt_t2t_mamba/fold_1/checkpoints/last.pt
[2025-11-25 19:43:43] INFO - [Fold 1] ✓ 模型权重已加载
[2025-11-25 19:43:43] INFO - [Fold 1] ✓ 断点恢复成功 | Epoch: 56 → 57 | Best WR2: 0.5828 | Best Loss: 139.6269 | Stage: 2
[2025-11-25 19:43:45] INFO - [Fold 1] SwanLab run_id 已保存: 0eao507lhtq39w0p8xq2c
[2025-11-25 19:43:45] INFO - [Fold 1] 训练开始，起始 epoch=57，stage=2
[2025-11-25 19:43:53] ERROR - ✗ Fold 1 训练失败: Caught OutOfMemoryError in replica 0 on device 0.
Original Traceback (most recent call last):
  File "/home/aaa/miniconda3/envs/kaggle/lib/python3.14/site-packages/torch/nn/parallel/parallel_apply.py", line 99, in _worker
    output = module(*input, **kwargs)
  File "/home/aaa/miniconda3/envs/kaggle/lib/python3.14/site-packages/torch/nn/modules/module.py", line 1775, in _wrapped_call_impl
    return self._call_impl(*args, **kwargs)
           ~~~~~~~~~~~~~~~^^^^^^^^^^^^^^^^^
  File "/home/aaa/miniconda3/envs/kaggle/lib/python3.14/site-packages/torch/nn/modules/module.py", line 1786, in _call_impl
    return forward_call(*args, **kwargs)
  File "/home/aaa/Kaggle-Series-Competition/CSIRO-Image2Biomass-Prediction/experiments/v4_crosspvt_t2t_mamba/train.py", line 834, in forward
    return self.model(x_left, x_right, return_features=return_features)
           ~~~~~~~~~~^^^^^^^^^^^^^^^^^^^^^^^^^^^^^^^^^^^^^^^^^^^^^^^^^^
  File "/home/aaa/miniconda3/envs/kaggle/lib/python3.14/site-packages/torch/nn/modules/module.py", line 1775, in _wrapped_call_impl
    return self._call_impl(*args, **kwargs)
           ~~~~~~~~~~~~~~~^^^^^^^^^^^^^^^^^
  File "/home/aaa/miniconda3/envs/kaggle/lib/python3.14/site-packages/torch/nn/modules/module.py", line 1786, in _call_impl
    return forward_call(*args, **kwargs)
  File "/home/aaa/Kaggle-Series-Competition/CSIRO-Image2Biomass-Prediction/experiments/v4_crosspvt_t2t_mamba/train.py", line 949, in forward
    feat_l, feats_l = self._half_forward(x_left)
                      ~~~~~~~~~~~~~~~~~~^^^^^^^^
  File "/home/aaa/Kaggle-Series-Competition/CSIRO-Image2Biomass-Prediction/experiments/v4_crosspvt_t2t_mamba/train.py", line 925, in _half_forward
    tiles_small = self.tile_encoder(x_half, CFG.small_grid)
  File "/home/aaa/miniconda3/envs/kaggle/lib/python3.14/site-packages/torch/nn/modules/module.py", line 1775, in _wrapped_call_impl
    return self._call_impl(*args, **kwargs)
           ~~~~~~~~~~~~~~~^^^^^^^^^^^^^^^^^
  File "/home/aaa/miniconda3/envs/kaggle/lib/python3.14/site-packages/torch/nn/modules/module.py", line 1786, in _call_impl
    return forward_call(*args, **kwargs)
  File "/home/aaa/Kaggle-Series-Competition/CSIRO-Image2Biomass-Prediction/experiments/v4_crosspvt_t2t_mamba/train.py", line 737, in forward
    feats = self.backbone(flat)
  File "/home/aaa/miniconda3/envs/kaggle/lib/python3.14/site-packages/torch/nn/modules/module.py", line 1775, in _wrapped_call_impl
    return self._call_impl(*args, **kwargs)
           ~~~~~~~~~~~~~~~^^^^^^^^^^^^^^^^^
  File "/home/aaa/miniconda3/envs/kaggle/lib/python3.14/site-packages/torch/nn/modules/module.py", line 1786, in _call_impl
    return forward_call(*args, **kwargs)
  File "/home/aaa/miniconda3/envs/kaggle/lib/python3.14/site-packages/timm/models/vision_transformer.py", line 992, in forward
    x = self.forward_features(x, attn_mask=attn_mask)
  File "/home/aaa/miniconda3/envs/kaggle/lib/python3.14/site-packages/timm/models/vision_transformer.py", line 945, in forward_features
    x = checkpoint_seq(self.blocks, x)
  File "/home/aaa/miniconda3/envs/kaggle/lib/python3.14/site-packages/timm/models/_manipulate.py", line 278, in checkpoint_seq
    x = torch.utils.checkpoint.checkpoint(
        run_function(start, end, functions),
        x,
        use_reentrant=use_reentrant,
    )
  File "/home/aaa/miniconda3/envs/kaggle/lib/python3.14/site-packages/torch/_compile.py", line 53, in inner
    return disable_fn(*args, **kwargs)
  File "/home/aaa/miniconda3/envs/kaggle/lib/python3.14/site-packages/torch/_dynamo/eval_frame.py", line 1044, in _fn
    return fn(*args, **kwargs)
  File "/home/aaa/miniconda3/envs/kaggle/lib/python3.14/site-packages/torch/utils/checkpoint.py", line 503, in checkpoint
    ret = function(*args, **kwargs)
  File "/home/aaa/miniconda3/envs/kaggle/lib/python3.14/site-packages/timm/models/_manipulate.py", line 261, in forward
    _x = functions[j](_x)
  File "/home/aaa/miniconda3/envs/kaggle/lib/python3.14/site-packages/torch/nn/modules/module.py", line 1775, in _wrapped_call_impl
    return self._call_impl(*args, **kwargs)
           ~~~~~~~~~~~~~~~^^^^^^^^^^^^^^^^^
  File "/home/aaa/miniconda3/envs/kaggle/lib/python3.14/site-packages/torch/nn/modules/module.py", line 1786, in _call_impl
    return forward_call(*args, **kwargs)
  File "/home/aaa/miniconda3/envs/kaggle/lib/python3.14/site-packages/timm/models/vision_transformer.py", line 156, in forward
    x = x + self.drop_path2(self.ls2(self.mlp(self.norm2(x))))
                                     ~~~~~~~~^^^^^^^^^^^^^^^
  File "/home/aaa/miniconda3/envs/kaggle/lib/python3.14/site-packages/torch/nn/modules/module.py", line 1775, in _wrapped_call_impl
    return self._call_impl(*args, **kwargs)
           ~~~~~~~~~~~~~~~^^^^^^^^^^^^^^^^^
  File "/home/aaa/miniconda3/envs/kaggle/lib/python3.14/site-packages/torch/nn/modules/module.py", line 1786, in _call_impl
    return forward_call(*args, **kwargs)
  File "/home/aaa/miniconda3/envs/kaggle/lib/python3.14/site-packages/timm/layers/mlp.py", line 49, in forward
    x = self.act(x)
  File "/home/aaa/miniconda3/envs/kaggle/lib/python3.14/site-packages/torch/nn/modules/module.py", line 1775, in _wrapped_call_impl
    return self._call_impl(*args, **kwargs)
           ~~~~~~~~~~~~~~~^^^^^^^^^^^^^^^^^
  File "/home/aaa/miniconda3/envs/kaggle/lib/python3.14/site-packages/torch/nn/modules/module.py", line 1786, in _call_impl
    return forward_call(*args, **kwargs)
  File "/home/aaa/miniconda3/envs/kaggle/lib/python3.14/site-packages/torch/nn/modules/activation.py", line 816, in forward
    return F.gelu(input, approximate=self.approximate)
           ~~~~~~^^^^^^^^^^^^^^^^^^^^^^^^^^^^^^^^^^^^^
torch.OutOfMemoryError: CUDA out of memory. Tried to allocate 258.00 MiB. GPU 0 has a total capacity of 14.56 GiB of which 99.44 MiB is free. Process 3804700 has 9.22 GiB memory in use. Process 3967564 has 1.87 GiB memory in use. Including non-PyTorch memory, this process has 3.37 GiB memory in use. Of the allocated memory 2.92 GiB is allocated by PyTorch, and 266.79 MiB is reserved by PyTorch but unallocated. If reserved but unallocated memory is large try setting PYTORCH_CUDA_ALLOC_CONF=expandable_segments:True to avoid fragmentation.  See documentation for Memory Management  (https://pytorch.org/docs/stable/notes/cuda.html#environment-variables)
Traceback (most recent call last):
  File "/home/aaa/Kaggle-Series-Competition/CSIRO-Image2Biomass-Prediction/experiments/v4_crosspvt_t2t_mamba/train.py", line 1658, in main
    run_fold(fold, df_wide, CFG.project, resume_path=resume_path, resume_mode=resume_mode)
    ~~~~~~~~^^^^^^^^^^^^^^^^^^^^^^^^^^^^^^^^^^^^^^^^^^^^^^^^^^^^^^^^^^^^^^^^^^^^^^^^^^^^^^
  File "/home/aaa/Kaggle-Series-Competition/CSIRO-Image2Biomass-Prediction/experiments/v4_crosspvt_t2t_mamba/train.py", line 1510, in run_fold
    tr_loss = train_one_epoch(model, train_loader, optimizer, criterion, scaler, ep, sw_run=run)
  File "/home/aaa/Kaggle-Series-Competition/CSIRO-Image2Biomass-Prediction/experiments/v4_crosspvt_t2t_mamba/train.py", line 1060, in train_one_epoch
    out = model((xl, xr), return_features=False)
  File "/home/aaa/miniconda3/envs/kaggle/lib/python3.14/site-packages/torch/nn/modules/module.py", line 1775, in _wrapped_call_impl
    return self._call_impl(*args, **kwargs)
           ~~~~~~~~~~~~~~~^^^^^^^^^^^^^^^^^
  File "/home/aaa/miniconda3/envs/kaggle/lib/python3.14/site-packages/torch/nn/modules/module.py", line 1786, in _call_impl
    return forward_call(*args, **kwargs)
  File "/home/aaa/miniconda3/envs/kaggle/lib/python3.14/site-packages/torch/nn/parallel/data_parallel.py", line 194, in forward
    outputs = self.parallel_apply(replicas, inputs, module_kwargs)
  File "/home/aaa/miniconda3/envs/kaggle/lib/python3.14/site-packages/torch/nn/parallel/data_parallel.py", line 213, in parallel_apply
    return parallel_apply(
        replicas, inputs, kwargs, self.device_ids[: len(replicas)]
    )
  File "/home/aaa/miniconda3/envs/kaggle/lib/python3.14/site-packages/torch/nn/parallel/parallel_apply.py", line 129, in parallel_apply
    output.reraise()
    ~~~~~~~~~~~~~~^^
  File "/home/aaa/miniconda3/envs/kaggle/lib/python3.14/site-packages/torch/_utils.py", line 769, in reraise
    raise exception
torch.OutOfMemoryError: Caught OutOfMemoryError in replica 0 on device 0.
Original Traceback (most recent call last):
  File "/home/aaa/miniconda3/envs/kaggle/lib/python3.14/site-packages/torch/nn/parallel/parallel_apply.py", line 99, in _worker
    output = module(*input, **kwargs)
  File "/home/aaa/miniconda3/envs/kaggle/lib/python3.14/site-packages/torch/nn/modules/module.py", line 1775, in _wrapped_call_impl
    return self._call_impl(*args, **kwargs)
           ~~~~~~~~~~~~~~~^^^^^^^^^^^^^^^^^
  File "/home/aaa/miniconda3/envs/kaggle/lib/python3.14/site-packages/torch/nn/modules/module.py", line 1786, in _call_impl
    return forward_call(*args, **kwargs)
  File "/home/aaa/Kaggle-Series-Competition/CSIRO-Image2Biomass-Prediction/experiments/v4_crosspvt_t2t_mamba/train.py", line 834, in forward
    return self.model(x_left, x_right, return_features=return_features)
           ~~~~~~~~~~^^^^^^^^^^^^^^^^^^^^^^^^^^^^^^^^^^^^^^^^^^^^^^^^^^
  File "/home/aaa/miniconda3/envs/kaggle/lib/python3.14/site-packages/torch/nn/modules/module.py", line 1775, in _wrapped_call_impl
    return self._call_impl(*args, **kwargs)
           ~~~~~~~~~~~~~~~^^^^^^^^^^^^^^^^^
  File "/home/aaa/miniconda3/envs/kaggle/lib/python3.14/site-packages/torch/nn/modules/module.py", line 1786, in _call_impl
    return forward_call(*args, **kwargs)
  File "/home/aaa/Kaggle-Series-Competition/CSIRO-Image2Biomass-Prediction/experiments/v4_crosspvt_t2t_mamba/train.py", line 949, in forward
    feat_l, feats_l = self._half_forward(x_left)
                      ~~~~~~~~~~~~~~~~~~^^^^^^^^
  File "/home/aaa/Kaggle-Series-Competition/CSIRO-Image2Biomass-Prediction/experiments/v4_crosspvt_t2t_mamba/train.py", line 925, in _half_forward
    tiles_small = self.tile_encoder(x_half, CFG.small_grid)
  File "/home/aaa/miniconda3/envs/kaggle/lib/python3.14/site-packages/torch/nn/modules/module.py", line 1775, in _wrapped_call_impl
    return self._call_impl(*args, **kwargs)
           ~~~~~~~~~~~~~~~^^^^^^^^^^^^^^^^^
  File "/home/aaa/miniconda3/envs/kaggle/lib/python3.14/site-packages/torch/nn/modules/module.py", line 1786, in _call_impl
    return forward_call(*args, **kwargs)
  File "/home/aaa/Kaggle-Series-Competition/CSIRO-Image2Biomass-Prediction/experiments/v4_crosspvt_t2t_mamba/train.py", line 737, in forward
    feats = self.backbone(flat)
  File "/home/aaa/miniconda3/envs/kaggle/lib/python3.14/site-packages/torch/nn/modules/module.py", line 1775, in _wrapped_call_impl
    return self._call_impl(*args, **kwargs)
           ~~~~~~~~~~~~~~~^^^^^^^^^^^^^^^^^
  File "/home/aaa/miniconda3/envs/kaggle/lib/python3.14/site-packages/torch/nn/modules/module.py", line 1786, in _call_impl
    return forward_call(*args, **kwargs)
  File "/home/aaa/miniconda3/envs/kaggle/lib/python3.14/site-packages/timm/models/vision_transformer.py", line 992, in forward
    x = self.forward_features(x, attn_mask=attn_mask)
  File "/home/aaa/miniconda3/envs/kaggle/lib/python3.14/site-packages/timm/models/vision_transformer.py", line 945, in forward_features
    x = checkpoint_seq(self.blocks, x)
  File "/home/aaa/miniconda3/envs/kaggle/lib/python3.14/site-packages/timm/models/_manipulate.py", line 278, in checkpoint_seq
    x = torch.utils.checkpoint.checkpoint(
        run_function(start, end, functions),
        x,
        use_reentrant=use_reentrant,
    )
  File "/home/aaa/miniconda3/envs/kaggle/lib/python3.14/site-packages/torch/_compile.py", line 53, in inner
    return disable_fn(*args, **kwargs)
  File "/home/aaa/miniconda3/envs/kaggle/lib/python3.14/site-packages/torch/_dynamo/eval_frame.py", line 1044, in _fn
    return fn(*args, **kwargs)
  File "/home/aaa/miniconda3/envs/kaggle/lib/python3.14/site-packages/torch/utils/checkpoint.py", line 503, in checkpoint
    ret = function(*args, **kwargs)
  File "/home/aaa/miniconda3/envs/kaggle/lib/python3.14/site-packages/timm/models/_manipulate.py", line 261, in forward
    _x = functions[j](_x)
  File "/home/aaa/miniconda3/envs/kaggle/lib/python3.14/site-packages/torch/nn/modules/module.py", line 1775, in _wrapped_call_impl
    return self._call_impl(*args, **kwargs)
           ~~~~~~~~~~~~~~~^^^^^^^^^^^^^^^^^
  File "/home/aaa/miniconda3/envs/kaggle/lib/python3.14/site-packages/torch/nn/modules/module.py", line 1786, in _call_impl
    return forward_call(*args, **kwargs)
  File "/home/aaa/miniconda3/envs/kaggle/lib/python3.14/site-packages/timm/models/vision_transformer.py", line 156, in forward
    x = x + self.drop_path2(self.ls2(self.mlp(self.norm2(x))))
                                     ~~~~~~~~^^^^^^^^^^^^^^^
  File "/home/aaa/miniconda3/envs/kaggle/lib/python3.14/site-packages/torch/nn/modules/module.py", line 1775, in _wrapped_call_impl
    return self._call_impl(*args, **kwargs)
           ~~~~~~~~~~~~~~~^^^^^^^^^^^^^^^^^
  File "/home/aaa/miniconda3/envs/kaggle/lib/python3.14/site-packages/torch/nn/modules/module.py", line 1786, in _call_impl
    return forward_call(*args, **kwargs)
  File "/home/aaa/miniconda3/envs/kaggle/lib/python3.14/site-packages/timm/layers/mlp.py", line 49, in forward
    x = self.act(x)
  File "/home/aaa/miniconda3/envs/kaggle/lib/python3.14/site-packages/torch/nn/modules/module.py", line 1775, in _wrapped_call_impl
    return self._call_impl(*args, **kwargs)
           ~~~~~~~~~~~~~~~^^^^^^^^^^^^^^^^^
  File "/home/aaa/miniconda3/envs/kaggle/lib/python3.14/site-packages/torch/nn/modules/module.py", line 1786, in _call_impl
    return forward_call(*args, **kwargs)
  File "/home/aaa/miniconda3/envs/kaggle/lib/python3.14/site-packages/torch/nn/modules/activation.py", line 816, in forward
    return F.gelu(input, approximate=self.approximate)
           ~~~~~~^^^^^^^^^^^^^^^^^^^^^^^^^^^^^^^^^^^^^
torch.OutOfMemoryError: CUDA out of memory. Tried to allocate 258.00 MiB. GPU 0 has a total capacity of 14.56 GiB of which 99.44 MiB is free. Process 3804700 has 9.22 GiB memory in use. Process 3967564 has 1.87 GiB memory in use. Including non-PyTorch memory, this process has 3.37 GiB memory in use. Of the allocated memory 2.92 GiB is allocated by PyTorch, and 266.79 MiB is reserved by PyTorch but unallocated. If reserved but unallocated memory is large try setting PYTORCH_CUDA_ALLOC_CONF=expandable_segments:True to avoid fragmentation.  See documentation for Memory Management  (https://pytorch.org/docs/stable/notes/cuda.html#environment-variables)

[2025-11-25 19:43:53] INFO - 继续下一个 fold...
[2025-11-25 19:44:13] INFO - 等待 3 秒后继续下一个 fold...
[2025-11-25 19:44:16] INFO - ================================================================================
[2025-11-25 19:44:16] INFO - 开始训练 Fold 2/4
[2025-11-25 19:44:16] INFO - ================================================================================
[2025-11-25 19:44:16] INFO - [Fold 2] 训练集: 286 样本 | 验证集: 71 样本
[2025-11-25 19:44:19] INFO - ✅ 使用 DINO 主干: vit_base_patch14_dinov2 | global_pool=token | feat_dim=768 | input_res=518
[2025-11-25 19:44:19] INFO - [Fold 2] Backbone: vit_base_patch14_dinov2 | 输入分辨率: 518
[2025-11-25 19:44:19] INFO - [Fold 2] Params: total=140.55M, trainable=140.55M
[2025-11-25 19:44:20] INFO - [Fold 2] 使用多 GPU (DataParallel)
[2025-11-25 19:44:20] INFO - [Fold 2] 未找到 checkpoint，从头开始训练
[2025-11-25 19:44:20] INFO - [Fold 2] SwanLab run_id 已保存: 0eao507lhtq39w0p8xq2c
[2025-11-25 19:44:20] INFO - [Fold 2] 训练开始，起始 epoch=1，stage=1
[2025-11-25 19:47:57] ERROR - ✗ Fold 2 训练失败: Caught TypeError in replica 1 on device 1.
Original Traceback (most recent call last):
  File "/home/aaa/miniconda3/envs/kaggle/lib/python3.14/site-packages/torch/nn/parallel/parallel_apply.py", line 99, in _worker
    output = module(*input, **kwargs)
  File "/home/aaa/miniconda3/envs/kaggle/lib/python3.14/site-packages/torch/nn/modules/module.py", line 1775, in _wrapped_call_impl
    return self._call_impl(*args, **kwargs)
           ~~~~~~~~~~~~~~~^^^^^^^^^^^^^^^^^
  File "/home/aaa/miniconda3/envs/kaggle/lib/python3.14/site-packages/torch/nn/modules/module.py", line 1786, in _call_impl
    return forward_call(*args, **kwargs)
TypeError: DualInputWrapper.forward() missing 1 required positional argument: 'inputs'
Traceback (most recent call last):
  File "/home/aaa/Kaggle-Series-Competition/CSIRO-Image2Biomass-Prediction/experiments/v4_crosspvt_t2t_mamba/train.py", line 1658, in main
    run_fold(fold, df_wide, CFG.project, resume_path=resume_path, resume_mode=resume_mode)
    ~~~~~~~~^^^^^^^^^^^^^^^^^^^^^^^^^^^^^^^^^^^^^^^^^^^^^^^^^^^^^^^^^^^^^^^^^^^^^^^^^^^^^^
  File "/home/aaa/Kaggle-Series-Competition/CSIRO-Image2Biomass-Prediction/experiments/v4_crosspvt_t2t_mamba/train.py", line 1511, in run_fold
    va_loss, wr2, per_r2, per_mae, per_rmse, y_true, y_pred = validate(
                                                              ~~~~~~~~^
        model, valid_loader, criterion, sw_run=run, epoch_idx=ep, log_images=(ep % CFG.log_image_every == 0)
        ^^^^^^^^^^^^^^^^^^^^^^^^^^^^^^^^^^^^^^^^^^^^^^^^^^^^^^^^^^^^^^^^^^^^^^^^^^^^^^^^^^^^^^^^^^^^^^^^^^^^
    )
    ^
  File "/home/aaa/miniconda3/envs/kaggle/lib/python3.14/site-packages/torch/utils/_contextlib.py", line 120, in decorate_context
    return func(*args, **kwargs)
  File "/home/aaa/Kaggle-Series-Competition/CSIRO-Image2Biomass-Prediction/experiments/v4_crosspvt_t2t_mamba/train.py", line 1117, in validate
    out = model((xl, xr), return_features=log_images and step == 0)
  File "/home/aaa/miniconda3/envs/kaggle/lib/python3.14/site-packages/torch/nn/modules/module.py", line 1775, in _wrapped_call_impl
    return self._call_impl(*args, **kwargs)
           ~~~~~~~~~~~~~~~^^^^^^^^^^^^^^^^^
  File "/home/aaa/miniconda3/envs/kaggle/lib/python3.14/site-packages/torch/nn/modules/module.py", line 1786, in _call_impl
    return forward_call(*args, **kwargs)
  File "/home/aaa/miniconda3/envs/kaggle/lib/python3.14/site-packages/torch/nn/parallel/data_parallel.py", line 194, in forward
    outputs = self.parallel_apply(replicas, inputs, module_kwargs)
  File "/home/aaa/miniconda3/envs/kaggle/lib/python3.14/site-packages/torch/nn/parallel/data_parallel.py", line 213, in parallel_apply
    return parallel_apply(
        replicas, inputs, kwargs, self.device_ids[: len(replicas)]
    )
  File "/home/aaa/miniconda3/envs/kaggle/lib/python3.14/site-packages/torch/nn/parallel/parallel_apply.py", line 129, in parallel_apply
    output.reraise()
    ~~~~~~~~~~~~~~^^
  File "/home/aaa/miniconda3/envs/kaggle/lib/python3.14/site-packages/torch/_utils.py", line 769, in reraise
    raise exception
TypeError: Caught TypeError in replica 1 on device 1.
Original Traceback (most recent call last):
  File "/home/aaa/miniconda3/envs/kaggle/lib/python3.14/site-packages/torch/nn/parallel/parallel_apply.py", line 99, in _worker
    output = module(*input, **kwargs)
  File "/home/aaa/miniconda3/envs/kaggle/lib/python3.14/site-packages/torch/nn/modules/module.py", line 1775, in _wrapped_call_impl
    return self._call_impl(*args, **kwargs)
           ~~~~~~~~~~~~~~~^^^^^^^^^^^^^^^^^
  File "/home/aaa/miniconda3/envs/kaggle/lib/python3.14/site-packages/torch/nn/modules/module.py", line 1786, in _call_impl
    return forward_call(*args, **kwargs)
TypeError: DualInputWrapper.forward() missing 1 required positional argument: 'inputs'

[2025-11-25 19:47:57] INFO - 继续下一个 fold...
[2025-11-25 19:48:18] INFO - 等待 3 秒后继续下一个 fold...
[2025-11-25 19:48:21] INFO - ================================================================================
[2025-11-25 19:48:21] INFO - 开始训练 Fold 3/4
[2025-11-25 19:48:21] INFO - ================================================================================
[2025-11-25 19:48:21] INFO - [Fold 3] 训练集: 286 样本 | 验证集: 71 样本
[2025-11-25 19:48:24] INFO - ✅ 使用 DINO 主干: vit_base_patch14_dinov2 | global_pool=token | feat_dim=768 | input_res=518
[2025-11-25 19:48:24] INFO - [Fold 3] Backbone: vit_base_patch14_dinov2 | 输入分辨率: 518
[2025-11-25 19:48:24] INFO - [Fold 3] Params: total=140.55M, trainable=140.55M
[2025-11-25 19:48:24] INFO - [Fold 3] 使用多 GPU (DataParallel)
[2025-11-25 19:48:24] INFO - [Fold 3] 未找到 checkpoint，从头开始训练
[2025-11-25 19:48:24] INFO - [Fold 3] SwanLab run_id 已保存: 0eao507lhtq39w0p8xq2c
[2025-11-25 19:48:24] INFO - [Fold 3] 训练开始，起始 epoch=1，stage=1
[2025-11-25 19:48:54] WARNING - Fold 3 训练被用户中断
[2025-11-25 19:49:54] INFO - 配置已写入 /home/aaa/Kaggle-Series-Competition/CSIRO-Image2Biomass-Prediction/experiments/v4_crosspvt_t2t_mamba/config.yaml
[2025-11-25 19:49:54] INFO - === 启动 v4 CrossPVT T2T Mamba 训练 ===
[2025-11-25 19:49:54] INFO - 设备: cuda, 混合精度: True
[2025-11-25 19:49:54] INFO - 实验目录: /home/aaa/Kaggle-Series-Competition/CSIRO-Image2Biomass-Prediction/experiments/v4_crosspvt_t2t_mamba
[2025-11-25 19:49:54] INFO - 数据样本: 357
[2025-11-25 19:49:54] INFO - 训练配置: Folds=[0, 1, 2, 3, 4], Resume Mode=auto
[2025-11-25 19:49:54] INFO - ================================================================================
[2025-11-25 19:49:54] INFO - 开始训练 Fold 0/4
[2025-11-25 19:49:54] INFO - ================================================================================
[2025-11-25 19:49:54] INFO - [Fold 0] 训练集: 285 样本 | 验证集: 72 样本
[2025-11-25 19:49:57] INFO - ✅ 使用 DINO 主干: vit_base_patch14_dinov2 | global_pool=token | feat_dim=768 | input_res=518
[2025-11-25 19:49:58] INFO - [Fold 0] Backbone: vit_base_patch14_dinov2 | 输入分辨率: 518
[2025-11-25 19:49:58] INFO - [Fold 0] Params: total=140.55M, trainable=140.55M
[2025-11-25 19:49:58] INFO - [Fold 0] 使用多 GPU (DataParallel)
[2025-11-25 19:49:58] INFO - [Fold 0] 自动检测到 checkpoint: /home/aaa/Kaggle-Series-Competition/CSIRO-Image2Biomass-Prediction/experiments/v4_crosspvt_t2t_mamba/fold_0/checkpoints/last.pt
[2025-11-25 19:49:58] INFO - [Fold 0] 正在加载 checkpoint: /home/aaa/Kaggle-Series-Competition/CSIRO-Image2Biomass-Prediction/experiments/v4_crosspvt_t2t_mamba/fold_0/checkpoints/last.pt
[2025-11-25 19:50:00] INFO - [Fold 0] ✓ 模型权重已加载
[2025-11-25 19:50:00] INFO - [Fold 0] ✓ 已加载历史记录 (60 epochs)
[2025-11-25 19:50:00] INFO - [Fold 0] ⚠️  该 fold 已完成训练 (Epoch 60/60)，跳过训练
[2025-11-25 19:50:00] INFO - [Fold 0] 最佳指标: WR2=0.5788, Loss=263.1820
[2025-11-25 19:50:00] INFO - ✓ Fold 0 训练完成
[2025-11-25 19:50:00] INFO - 等待 3 秒后继续下一个 fold...
[2025-11-25 19:50:03] INFO - ================================================================================
[2025-11-25 19:50:03] INFO - 开始训练 Fold 1/4
[2025-11-25 19:50:03] INFO - ================================================================================
[2025-11-25 19:50:03] INFO - [Fold 1] 训练集: 285 样本 | 验证集: 72 样本
[2025-11-25 19:50:06] INFO - ✅ 使用 DINO 主干: vit_base_patch14_dinov2 | global_pool=token | feat_dim=768 | input_res=518
[2025-11-25 19:50:06] INFO - [Fold 1] Backbone: vit_base_patch14_dinov2 | 输入分辨率: 518
[2025-11-25 19:50:06] INFO - [Fold 1] Params: total=140.55M, trainable=140.55M
[2025-11-25 19:50:07] INFO - [Fold 1] 使用多 GPU (DataParallel)
[2025-11-25 19:50:07] INFO - [Fold 1] 自动检测到 checkpoint: /home/aaa/Kaggle-Series-Competition/CSIRO-Image2Biomass-Prediction/experiments/v4_crosspvt_t2t_mamba/fold_1/checkpoints/last.pt
[2025-11-25 19:50:07] INFO - [Fold 1] 正在加载 checkpoint: /home/aaa/Kaggle-Series-Competition/CSIRO-Image2Biomass-Prediction/experiments/v4_crosspvt_t2t_mamba/fold_1/checkpoints/last.pt
[2025-11-25 19:50:08] INFO - [Fold 1] ✓ 模型权重已加载
[2025-11-25 19:50:08] INFO - [Fold 1] ✓ 断点恢复成功 | Epoch: 56 → 57 | Best WR2: 0.5828 | Best Loss: 139.6269 | Stage: 2
[2025-11-25 19:50:10] INFO - [Fold 1] SwanLab run_id 已保存: vs40d34msrkdmmyldehsx
[2025-11-25 19:50:10] INFO - [Fold 1] 训练开始，起始 epoch=57，stage=2
[2025-11-25 19:50:15] ERROR - ✗ Fold 1 训练失败: Caught TypeError in replica 0 on device 0.
Original Traceback (most recent call last):
  File "/home/aaa/miniconda3/envs/kaggle/lib/python3.14/site-packages/torch/nn/parallel/parallel_apply.py", line 99, in _worker
    output = module(*input, **kwargs)
  File "/home/aaa/miniconda3/envs/kaggle/lib/python3.14/site-packages/torch/nn/modules/module.py", line 1775, in _wrapped_call_impl
    return self._call_impl(*args, **kwargs)
           ~~~~~~~~~~~~~~~^^^^^^^^^^^^^^^^^
  File "/home/aaa/miniconda3/envs/kaggle/lib/python3.14/site-packages/torch/nn/modules/module.py", line 1786, in _call_impl
    return forward_call(*args, **kwargs)
TypeError: DualInputWrapper.forward() missing 1 required positional argument: 'x_right'
Traceback (most recent call last):
  File "/home/aaa/Kaggle-Series-Competition/CSIRO-Image2Biomass-Prediction/experiments/v4_crosspvt_t2t_mamba/train.py", line 1654, in main
    run_fold(fold, df_wide, CFG.project, resume_path=resume_path, resume_mode=resume_mode)
    ~~~~~~~~^^^^^^^^^^^^^^^^^^^^^^^^^^^^^^^^^^^^^^^^^^^^^^^^^^^^^^^^^^^^^^^^^^^^^^^^^^^^^^
  File "/home/aaa/Kaggle-Series-Competition/CSIRO-Image2Biomass-Prediction/experiments/v4_crosspvt_t2t_mamba/train.py", line 1506, in run_fold
    tr_loss = train_one_epoch(model, train_loader, optimizer, criterion, scaler, ep, sw_run=run)
  File "/home/aaa/Kaggle-Series-Competition/CSIRO-Image2Biomass-Prediction/experiments/v4_crosspvt_t2t_mamba/train.py", line 1056, in train_one_epoch
    out = model((xl, xr), return_features=False)
  File "/home/aaa/miniconda3/envs/kaggle/lib/python3.14/site-packages/torch/nn/modules/module.py", line 1775, in _wrapped_call_impl
    return self._call_impl(*args, **kwargs)
           ~~~~~~~~~~~~~~~^^^^^^^^^^^^^^^^^
  File "/home/aaa/miniconda3/envs/kaggle/lib/python3.14/site-packages/torch/nn/modules/module.py", line 1786, in _call_impl
    return forward_call(*args, **kwargs)
  File "/home/aaa/miniconda3/envs/kaggle/lib/python3.14/site-packages/torch/nn/parallel/data_parallel.py", line 194, in forward
    outputs = self.parallel_apply(replicas, inputs, module_kwargs)
  File "/home/aaa/miniconda3/envs/kaggle/lib/python3.14/site-packages/torch/nn/parallel/data_parallel.py", line 213, in parallel_apply
    return parallel_apply(
        replicas, inputs, kwargs, self.device_ids[: len(replicas)]
    )
  File "/home/aaa/miniconda3/envs/kaggle/lib/python3.14/site-packages/torch/nn/parallel/parallel_apply.py", line 129, in parallel_apply
    output.reraise()
    ~~~~~~~~~~~~~~^^
  File "/home/aaa/miniconda3/envs/kaggle/lib/python3.14/site-packages/torch/_utils.py", line 769, in reraise
    raise exception
TypeError: Caught TypeError in replica 0 on device 0.
Original Traceback (most recent call last):
  File "/home/aaa/miniconda3/envs/kaggle/lib/python3.14/site-packages/torch/nn/parallel/parallel_apply.py", line 99, in _worker
    output = module(*input, **kwargs)
  File "/home/aaa/miniconda3/envs/kaggle/lib/python3.14/site-packages/torch/nn/modules/module.py", line 1775, in _wrapped_call_impl
    return self._call_impl(*args, **kwargs)
           ~~~~~~~~~~~~~~~^^^^^^^^^^^^^^^^^
  File "/home/aaa/miniconda3/envs/kaggle/lib/python3.14/site-packages/torch/nn/modules/module.py", line 1786, in _call_impl
    return forward_call(*args, **kwargs)
TypeError: DualInputWrapper.forward() missing 1 required positional argument: 'x_right'

[2025-11-25 19:50:16] INFO - 继续下一个 fold...
[2025-11-25 19:50:36] INFO - 等待 3 秒后继续下一个 fold...
[2025-11-25 19:50:39] INFO - ================================================================================
[2025-11-25 19:50:39] INFO - 开始训练 Fold 2/4
[2025-11-25 19:50:39] INFO - ================================================================================
[2025-11-25 19:50:39] INFO - [Fold 2] 训练集: 286 样本 | 验证集: 71 样本
[2025-11-25 19:50:42] INFO - ✅ 使用 DINO 主干: vit_base_patch14_dinov2 | global_pool=token | feat_dim=768 | input_res=518
[2025-11-25 19:50:42] INFO - [Fold 2] Backbone: vit_base_patch14_dinov2 | 输入分辨率: 518
[2025-11-25 19:50:42] INFO - [Fold 2] Params: total=140.55M, trainable=140.55M
[2025-11-25 19:50:42] INFO - [Fold 2] 使用多 GPU (DataParallel)
[2025-11-25 19:50:42] INFO - [Fold 2] 未找到 checkpoint，从头开始训练
[2025-11-25 19:50:42] INFO - [Fold 2] SwanLab run_id 已保存: vs40d34msrkdmmyldehsx
[2025-11-25 19:50:42] INFO - [Fold 2] 训练开始，起始 epoch=1，stage=1
[2025-11-25 19:50:47] ERROR - ✗ Fold 2 训练失败: Caught TypeError in replica 0 on device 0.
Original Traceback (most recent call last):
  File "/home/aaa/miniconda3/envs/kaggle/lib/python3.14/site-packages/torch/nn/parallel/parallel_apply.py", line 99, in _worker
    output = module(*input, **kwargs)
  File "/home/aaa/miniconda3/envs/kaggle/lib/python3.14/site-packages/torch/nn/modules/module.py", line 1775, in _wrapped_call_impl
    return self._call_impl(*args, **kwargs)
           ~~~~~~~~~~~~~~~^^^^^^^^^^^^^^^^^
  File "/home/aaa/miniconda3/envs/kaggle/lib/python3.14/site-packages/torch/nn/modules/module.py", line 1786, in _call_impl
    return forward_call(*args, **kwargs)
TypeError: DualInputWrapper.forward() missing 1 required positional argument: 'x_right'
Traceback (most recent call last):
  File "/home/aaa/Kaggle-Series-Competition/CSIRO-Image2Biomass-Prediction/experiments/v4_crosspvt_t2t_mamba/train.py", line 1654, in main
    run_fold(fold, df_wide, CFG.project, resume_path=resume_path, resume_mode=resume_mode)
    ~~~~~~~~^^^^^^^^^^^^^^^^^^^^^^^^^^^^^^^^^^^^^^^^^^^^^^^^^^^^^^^^^^^^^^^^^^^^^^^^^^^^^^
  File "/home/aaa/Kaggle-Series-Competition/CSIRO-Image2Biomass-Prediction/experiments/v4_crosspvt_t2t_mamba/train.py", line 1506, in run_fold
    tr_loss = train_one_epoch(model, train_loader, optimizer, criterion, scaler, ep, sw_run=run)
  File "/home/aaa/Kaggle-Series-Competition/CSIRO-Image2Biomass-Prediction/experiments/v4_crosspvt_t2t_mamba/train.py", line 1056, in train_one_epoch
    out = model((xl, xr), return_features=False)
  File "/home/aaa/miniconda3/envs/kaggle/lib/python3.14/site-packages/torch/nn/modules/module.py", line 1775, in _wrapped_call_impl
    return self._call_impl(*args, **kwargs)
           ~~~~~~~~~~~~~~~^^^^^^^^^^^^^^^^^
  File "/home/aaa/miniconda3/envs/kaggle/lib/python3.14/site-packages/torch/nn/modules/module.py", line 1786, in _call_impl
    return forward_call(*args, **kwargs)
  File "/home/aaa/miniconda3/envs/kaggle/lib/python3.14/site-packages/torch/nn/parallel/data_parallel.py", line 194, in forward
    outputs = self.parallel_apply(replicas, inputs, module_kwargs)
  File "/home/aaa/miniconda3/envs/kaggle/lib/python3.14/site-packages/torch/nn/parallel/data_parallel.py", line 213, in parallel_apply
    return parallel_apply(
        replicas, inputs, kwargs, self.device_ids[: len(replicas)]
    )
  File "/home/aaa/miniconda3/envs/kaggle/lib/python3.14/site-packages/torch/nn/parallel/parallel_apply.py", line 129, in parallel_apply
    output.reraise()
    ~~~~~~~~~~~~~~^^
  File "/home/aaa/miniconda3/envs/kaggle/lib/python3.14/site-packages/torch/_utils.py", line 769, in reraise
    raise exception
TypeError: Caught TypeError in replica 0 on device 0.
Original Traceback (most recent call last):
  File "/home/aaa/miniconda3/envs/kaggle/lib/python3.14/site-packages/torch/nn/parallel/parallel_apply.py", line 99, in _worker
    output = module(*input, **kwargs)
  File "/home/aaa/miniconda3/envs/kaggle/lib/python3.14/site-packages/torch/nn/modules/module.py", line 1775, in _wrapped_call_impl
    return self._call_impl(*args, **kwargs)
           ~~~~~~~~~~~~~~~^^^^^^^^^^^^^^^^^
  File "/home/aaa/miniconda3/envs/kaggle/lib/python3.14/site-packages/torch/nn/modules/module.py", line 1786, in _call_impl
    return forward_call(*args, **kwargs)
TypeError: DualInputWrapper.forward() missing 1 required positional argument: 'x_right'

[2025-11-25 19:50:47] INFO - 继续下一个 fold...
[2025-11-25 19:51:07] INFO - 等待 3 秒后继续下一个 fold...
[2025-11-25 19:51:10] INFO - ================================================================================
[2025-11-25 19:51:10] INFO - 开始训练 Fold 3/4
[2025-11-25 19:51:10] INFO - ================================================================================
[2025-11-25 19:51:10] INFO - [Fold 3] 训练集: 286 样本 | 验证集: 71 样本
[2025-11-25 19:51:13] INFO - ✅ 使用 DINO 主干: vit_base_patch14_dinov2 | global_pool=token | feat_dim=768 | input_res=518
[2025-11-25 19:51:13] INFO - [Fold 3] Backbone: vit_base_patch14_dinov2 | 输入分辨率: 518
[2025-11-25 19:51:13] INFO - [Fold 3] Params: total=140.55M, trainable=140.55M
[2025-11-25 19:51:14] INFO - [Fold 3] 使用多 GPU (DataParallel)
[2025-11-25 19:51:14] INFO - [Fold 3] 未找到 checkpoint，从头开始训练
[2025-11-25 19:51:14] INFO - [Fold 3] SwanLab run_id 已保存: vs40d34msrkdmmyldehsx
[2025-11-25 19:51:14] INFO - [Fold 3] 训练开始，起始 epoch=1，stage=1
[2025-11-25 19:51:14] WARNING - Fold 3 训练被用户中断
[2025-11-25 19:52:37] INFO - 配置已写入 /home/aaa/Kaggle-Series-Competition/CSIRO-Image2Biomass-Prediction/experiments/v4_crosspvt_t2t_mamba/config.yaml
[2025-11-25 19:52:37] INFO - === 启动 v4 CrossPVT T2T Mamba 训练 ===
[2025-11-25 19:52:37] INFO - 设备: cuda, 混合精度: True
[2025-11-25 19:52:37] INFO - 实验目录: /home/aaa/Kaggle-Series-Competition/CSIRO-Image2Biomass-Prediction/experiments/v4_crosspvt_t2t_mamba
[2025-11-25 19:52:37] INFO - 数据样本: 357
[2025-11-25 19:52:37] INFO - 训练配置: Folds=[0, 1, 2, 3, 4], Resume Mode=auto
[2025-11-25 19:52:37] INFO - ================================================================================
[2025-11-25 19:52:37] INFO - 开始训练 Fold 0/4
[2025-11-25 19:52:37] INFO - ================================================================================
[2025-11-25 19:52:37] INFO - [Fold 0] 训练集: 285 样本 | 验证集: 72 样本
[2025-11-25 19:52:40] INFO - ✅ 使用 DINO 主干: vit_base_patch14_dinov2 | global_pool=token | feat_dim=768 | input_res=518
[2025-11-25 19:52:40] INFO - [Fold 0] Backbone: vit_base_patch14_dinov2 | 输入分辨率: 518
[2025-11-25 19:52:40] INFO - [Fold 0] Params: total=140.55M, trainable=140.55M
[2025-11-25 19:52:41] INFO - [Fold 0] 使用多 GPU (DataParallel)
[2025-11-25 19:52:41] INFO - [Fold 0] 自动检测到 checkpoint: /home/aaa/Kaggle-Series-Competition/CSIRO-Image2Biomass-Prediction/experiments/v4_crosspvt_t2t_mamba/fold_0/checkpoints/last.pt
[2025-11-25 19:52:41] INFO - [Fold 0] 正在加载 checkpoint: /home/aaa/Kaggle-Series-Competition/CSIRO-Image2Biomass-Prediction/experiments/v4_crosspvt_t2t_mamba/fold_0/checkpoints/last.pt
[2025-11-25 19:52:42] INFO - [Fold 0] ✓ 模型权重已加载
[2025-11-25 19:52:42] INFO - [Fold 0] ✓ 已加载历史记录 (60 epochs)
[2025-11-25 19:52:42] INFO - [Fold 0] ⚠️  该 fold 已完成训练 (Epoch 60/60)，跳过训练
[2025-11-25 19:52:42] INFO - [Fold 0] 最佳指标: WR2=0.5788, Loss=263.1820
[2025-11-25 19:52:42] INFO - ✓ Fold 0 训练完成
[2025-11-25 19:52:43] INFO - 等待 3 秒后继续下一个 fold...
[2025-11-25 19:52:46] INFO - ================================================================================
[2025-11-25 19:52:46] INFO - 开始训练 Fold 1/4
[2025-11-25 19:52:46] INFO - ================================================================================
[2025-11-25 19:52:46] INFO - [Fold 1] 训练集: 285 样本 | 验证集: 72 样本
[2025-11-25 19:52:48] INFO - ✅ 使用 DINO 主干: vit_base_patch14_dinov2 | global_pool=token | feat_dim=768 | input_res=518
[2025-11-25 19:52:49] INFO - [Fold 1] Backbone: vit_base_patch14_dinov2 | 输入分辨率: 518
[2025-11-25 19:52:49] INFO - [Fold 1] Params: total=140.55M, trainable=140.55M
[2025-11-25 19:52:49] INFO - [Fold 1] 使用多 GPU (DataParallel)
[2025-11-25 19:52:49] INFO - [Fold 1] 自动检测到 checkpoint: /home/aaa/Kaggle-Series-Competition/CSIRO-Image2Biomass-Prediction/experiments/v4_crosspvt_t2t_mamba/fold_1/checkpoints/last.pt
[2025-11-25 19:52:49] INFO - [Fold 1] 正在加载 checkpoint: /home/aaa/Kaggle-Series-Competition/CSIRO-Image2Biomass-Prediction/experiments/v4_crosspvt_t2t_mamba/fold_1/checkpoints/last.pt
[2025-11-25 19:52:50] INFO - [Fold 1] ✓ 模型权重已加载
[2025-11-25 19:52:50] INFO - [Fold 1] ✓ 断点恢复成功 | Epoch: 56 → 57 | Best WR2: 0.5828 | Best Loss: 139.6269 | Stage: 2
[2025-11-25 19:52:53] INFO - [Fold 1] SwanLab run_id 已保存: in1d51fvuk1gu1m7hl00v
[2025-11-25 19:52:53] INFO - [Fold 1] 训练开始，起始 epoch=57，stage=2
[2025-11-25 19:53:00] ERROR - ✗ Fold 1 训练失败: Caught OutOfMemoryError in replica 0 on device 0.
Original Traceback (most recent call last):
  File "/home/aaa/miniconda3/envs/kaggle/lib/python3.14/site-packages/torch/nn/parallel/parallel_apply.py", line 99, in _worker
    output = module(*input, **kwargs)
  File "/home/aaa/miniconda3/envs/kaggle/lib/python3.14/site-packages/torch/nn/modules/module.py", line 1775, in _wrapped_call_impl
    return self._call_impl(*args, **kwargs)
           ~~~~~~~~~~~~~~~^^^^^^^^^^^^^^^^^
  File "/home/aaa/miniconda3/envs/kaggle/lib/python3.14/site-packages/torch/nn/modules/module.py", line 1786, in _call_impl
    return forward_call(*args, **kwargs)
  File "/home/aaa/Kaggle-Series-Competition/CSIRO-Image2Biomass-Prediction/experiments/v4_crosspvt_t2t_mamba/train.py", line 833, in forward
    return self.model(x_left, x_right, return_features=return_features)
           ~~~~~~~~~~^^^^^^^^^^^^^^^^^^^^^^^^^^^^^^^^^^^^^^^^^^^^^^^^^^
  File "/home/aaa/miniconda3/envs/kaggle/lib/python3.14/site-packages/torch/nn/modules/module.py", line 1775, in _wrapped_call_impl
    return self._call_impl(*args, **kwargs)
           ~~~~~~~~~~~~~~~^^^^^^^^^^^^^^^^^
  File "/home/aaa/miniconda3/envs/kaggle/lib/python3.14/site-packages/torch/nn/modules/module.py", line 1786, in _call_impl
    return forward_call(*args, **kwargs)
  File "/home/aaa/Kaggle-Series-Competition/CSIRO-Image2Biomass-Prediction/experiments/v4_crosspvt_t2t_mamba/train.py", line 945, in forward
    feat_l, feats_l = self._half_forward(x_left)
                      ~~~~~~~~~~~~~~~~~~^^^^^^^^
  File "/home/aaa/Kaggle-Series-Competition/CSIRO-Image2Biomass-Prediction/experiments/v4_crosspvt_t2t_mamba/train.py", line 921, in _half_forward
    tiles_small = self.tile_encoder(x_half, CFG.small_grid)
  File "/home/aaa/miniconda3/envs/kaggle/lib/python3.14/site-packages/torch/nn/modules/module.py", line 1775, in _wrapped_call_impl
    return self._call_impl(*args, **kwargs)
           ~~~~~~~~~~~~~~~^^^^^^^^^^^^^^^^^
  File "/home/aaa/miniconda3/envs/kaggle/lib/python3.14/site-packages/torch/nn/modules/module.py", line 1786, in _call_impl
    return forward_call(*args, **kwargs)
  File "/home/aaa/Kaggle-Series-Competition/CSIRO-Image2Biomass-Prediction/experiments/v4_crosspvt_t2t_mamba/train.py", line 737, in forward
    feats = self.backbone(flat)
  File "/home/aaa/miniconda3/envs/kaggle/lib/python3.14/site-packages/torch/nn/modules/module.py", line 1775, in _wrapped_call_impl
    return self._call_impl(*args, **kwargs)
           ~~~~~~~~~~~~~~~^^^^^^^^^^^^^^^^^
  File "/home/aaa/miniconda3/envs/kaggle/lib/python3.14/site-packages/torch/nn/modules/module.py", line 1786, in _call_impl
    return forward_call(*args, **kwargs)
  File "/home/aaa/miniconda3/envs/kaggle/lib/python3.14/site-packages/timm/models/vision_transformer.py", line 992, in forward
    x = self.forward_features(x, attn_mask=attn_mask)
  File "/home/aaa/miniconda3/envs/kaggle/lib/python3.14/site-packages/timm/models/vision_transformer.py", line 945, in forward_features
    x = checkpoint_seq(self.blocks, x)
  File "/home/aaa/miniconda3/envs/kaggle/lib/python3.14/site-packages/timm/models/_manipulate.py", line 278, in checkpoint_seq
    x = torch.utils.checkpoint.checkpoint(
        run_function(start, end, functions),
        x,
        use_reentrant=use_reentrant,
    )
  File "/home/aaa/miniconda3/envs/kaggle/lib/python3.14/site-packages/torch/_compile.py", line 53, in inner
    return disable_fn(*args, **kwargs)
  File "/home/aaa/miniconda3/envs/kaggle/lib/python3.14/site-packages/torch/_dynamo/eval_frame.py", line 1044, in _fn
    return fn(*args, **kwargs)
  File "/home/aaa/miniconda3/envs/kaggle/lib/python3.14/site-packages/torch/utils/checkpoint.py", line 503, in checkpoint
    ret = function(*args, **kwargs)
  File "/home/aaa/miniconda3/envs/kaggle/lib/python3.14/site-packages/timm/models/_manipulate.py", line 261, in forward
    _x = functions[j](_x)
  File "/home/aaa/miniconda3/envs/kaggle/lib/python3.14/site-packages/torch/nn/modules/module.py", line 1775, in _wrapped_call_impl
    return self._call_impl(*args, **kwargs)
           ~~~~~~~~~~~~~~~^^^^^^^^^^^^^^^^^
  File "/home/aaa/miniconda3/envs/kaggle/lib/python3.14/site-packages/torch/nn/modules/module.py", line 1786, in _call_impl
    return forward_call(*args, **kwargs)
  File "/home/aaa/miniconda3/envs/kaggle/lib/python3.14/site-packages/timm/models/vision_transformer.py", line 156, in forward
    x = x + self.drop_path2(self.ls2(self.mlp(self.norm2(x))))
                                     ~~~~~~~~^^^^^^^^^^^^^^^
  File "/home/aaa/miniconda3/envs/kaggle/lib/python3.14/site-packages/torch/nn/modules/module.py", line 1775, in _wrapped_call_impl
    return self._call_impl(*args, **kwargs)
           ~~~~~~~~~~~~~~~^^^^^^^^^^^^^^^^^
  File "/home/aaa/miniconda3/envs/kaggle/lib/python3.14/site-packages/torch/nn/modules/module.py", line 1786, in _call_impl
    return forward_call(*args, **kwargs)
  File "/home/aaa/miniconda3/envs/kaggle/lib/python3.14/site-packages/timm/layers/mlp.py", line 49, in forward
    x = self.act(x)
  File "/home/aaa/miniconda3/envs/kaggle/lib/python3.14/site-packages/torch/nn/modules/module.py", line 1775, in _wrapped_call_impl
    return self._call_impl(*args, **kwargs)
           ~~~~~~~~~~~~~~~^^^^^^^^^^^^^^^^^
  File "/home/aaa/miniconda3/envs/kaggle/lib/python3.14/site-packages/torch/nn/modules/module.py", line 1786, in _call_impl
    return forward_call(*args, **kwargs)
  File "/home/aaa/miniconda3/envs/kaggle/lib/python3.14/site-packages/torch/nn/modules/activation.py", line 816, in forward
    return F.gelu(input, approximate=self.approximate)
           ~~~~~~^^^^^^^^^^^^^^^^^^^^^^^^^^^^^^^^^^^^^
torch.OutOfMemoryError: CUDA out of memory. Tried to allocate 258.00 MiB. GPU 0 has a total capacity of 14.56 GiB of which 99.44 MiB is free. Process 3804700 has 9.22 GiB memory in use. Process 3967564 has 1.87 GiB memory in use. Including non-PyTorch memory, this process has 3.37 GiB memory in use. Of the allocated memory 2.92 GiB is allocated by PyTorch, and 266.79 MiB is reserved by PyTorch but unallocated. If reserved but unallocated memory is large try setting PYTORCH_CUDA_ALLOC_CONF=expandable_segments:True to avoid fragmentation.  See documentation for Memory Management  (https://pytorch.org/docs/stable/notes/cuda.html#environment-variables)
Traceback (most recent call last):
  File "/home/aaa/Kaggle-Series-Competition/CSIRO-Image2Biomass-Prediction/experiments/v4_crosspvt_t2t_mamba/train.py", line 1650, in main
    run_fold(fold, df_wide, CFG.project, resume_path=resume_path, resume_mode=resume_mode)
    ~~~~~~~~^^^^^^^^^^^^^^^^^^^^^^^^^^^^^^^^^^^^^^^^^^^^^^^^^^^^^^^^^^^^^^^^^^^^^^^^^^^^^^
  File "/home/aaa/Kaggle-Series-Competition/CSIRO-Image2Biomass-Prediction/experiments/v4_crosspvt_t2t_mamba/train.py", line 1502, in run_fold
    tr_loss = train_one_epoch(model, train_loader, optimizer, criterion, scaler, ep, sw_run=run)
  File "/home/aaa/Kaggle-Series-Competition/CSIRO-Image2Biomass-Prediction/experiments/v4_crosspvt_t2t_mamba/train.py", line 1056, in train_one_epoch
    out = model(xl, xr, return_features=False)
  File "/home/aaa/miniconda3/envs/kaggle/lib/python3.14/site-packages/torch/nn/modules/module.py", line 1775, in _wrapped_call_impl
    return self._call_impl(*args, **kwargs)
           ~~~~~~~~~~~~~~~^^^^^^^^^^^^^^^^^
  File "/home/aaa/miniconda3/envs/kaggle/lib/python3.14/site-packages/torch/nn/modules/module.py", line 1786, in _call_impl
    return forward_call(*args, **kwargs)
  File "/home/aaa/miniconda3/envs/kaggle/lib/python3.14/site-packages/torch/nn/parallel/data_parallel.py", line 194, in forward
    outputs = self.parallel_apply(replicas, inputs, module_kwargs)
  File "/home/aaa/miniconda3/envs/kaggle/lib/python3.14/site-packages/torch/nn/parallel/data_parallel.py", line 213, in parallel_apply
    return parallel_apply(
        replicas, inputs, kwargs, self.device_ids[: len(replicas)]
    )
  File "/home/aaa/miniconda3/envs/kaggle/lib/python3.14/site-packages/torch/nn/parallel/parallel_apply.py", line 129, in parallel_apply
    output.reraise()
    ~~~~~~~~~~~~~~^^
  File "/home/aaa/miniconda3/envs/kaggle/lib/python3.14/site-packages/torch/_utils.py", line 769, in reraise
    raise exception
torch.OutOfMemoryError: Caught OutOfMemoryError in replica 0 on device 0.
Original Traceback (most recent call last):
  File "/home/aaa/miniconda3/envs/kaggle/lib/python3.14/site-packages/torch/nn/parallel/parallel_apply.py", line 99, in _worker
    output = module(*input, **kwargs)
  File "/home/aaa/miniconda3/envs/kaggle/lib/python3.14/site-packages/torch/nn/modules/module.py", line 1775, in _wrapped_call_impl
    return self._call_impl(*args, **kwargs)
           ~~~~~~~~~~~~~~~^^^^^^^^^^^^^^^^^
  File "/home/aaa/miniconda3/envs/kaggle/lib/python3.14/site-packages/torch/nn/modules/module.py", line 1786, in _call_impl
    return forward_call(*args, **kwargs)
  File "/home/aaa/Kaggle-Series-Competition/CSIRO-Image2Biomass-Prediction/experiments/v4_crosspvt_t2t_mamba/train.py", line 833, in forward
    return self.model(x_left, x_right, return_features=return_features)
           ~~~~~~~~~~^^^^^^^^^^^^^^^^^^^^^^^^^^^^^^^^^^^^^^^^^^^^^^^^^^
  File "/home/aaa/miniconda3/envs/kaggle/lib/python3.14/site-packages/torch/nn/modules/module.py", line 1775, in _wrapped_call_impl
    return self._call_impl(*args, **kwargs)
           ~~~~~~~~~~~~~~~^^^^^^^^^^^^^^^^^
  File "/home/aaa/miniconda3/envs/kaggle/lib/python3.14/site-packages/torch/nn/modules/module.py", line 1786, in _call_impl
    return forward_call(*args, **kwargs)
  File "/home/aaa/Kaggle-Series-Competition/CSIRO-Image2Biomass-Prediction/experiments/v4_crosspvt_t2t_mamba/train.py", line 945, in forward
    feat_l, feats_l = self._half_forward(x_left)
                      ~~~~~~~~~~~~~~~~~~^^^^^^^^
  File "/home/aaa/Kaggle-Series-Competition/CSIRO-Image2Biomass-Prediction/experiments/v4_crosspvt_t2t_mamba/train.py", line 921, in _half_forward
    tiles_small = self.tile_encoder(x_half, CFG.small_grid)
  File "/home/aaa/miniconda3/envs/kaggle/lib/python3.14/site-packages/torch/nn/modules/module.py", line 1775, in _wrapped_call_impl
    return self._call_impl(*args, **kwargs)
           ~~~~~~~~~~~~~~~^^^^^^^^^^^^^^^^^
  File "/home/aaa/miniconda3/envs/kaggle/lib/python3.14/site-packages/torch/nn/modules/module.py", line 1786, in _call_impl
    return forward_call(*args, **kwargs)
  File "/home/aaa/Kaggle-Series-Competition/CSIRO-Image2Biomass-Prediction/experiments/v4_crosspvt_t2t_mamba/train.py", line 737, in forward
    feats = self.backbone(flat)
  File "/home/aaa/miniconda3/envs/kaggle/lib/python3.14/site-packages/torch/nn/modules/module.py", line 1775, in _wrapped_call_impl
    return self._call_impl(*args, **kwargs)
           ~~~~~~~~~~~~~~~^^^^^^^^^^^^^^^^^
  File "/home/aaa/miniconda3/envs/kaggle/lib/python3.14/site-packages/torch/nn/modules/module.py", line 1786, in _call_impl
    return forward_call(*args, **kwargs)
  File "/home/aaa/miniconda3/envs/kaggle/lib/python3.14/site-packages/timm/models/vision_transformer.py", line 992, in forward
    x = self.forward_features(x, attn_mask=attn_mask)
  File "/home/aaa/miniconda3/envs/kaggle/lib/python3.14/site-packages/timm/models/vision_transformer.py", line 945, in forward_features
    x = checkpoint_seq(self.blocks, x)
  File "/home/aaa/miniconda3/envs/kaggle/lib/python3.14/site-packages/timm/models/_manipulate.py", line 278, in checkpoint_seq
    x = torch.utils.checkpoint.checkpoint(
        run_function(start, end, functions),
        x,
        use_reentrant=use_reentrant,
    )
  File "/home/aaa/miniconda3/envs/kaggle/lib/python3.14/site-packages/torch/_compile.py", line 53, in inner
    return disable_fn(*args, **kwargs)
  File "/home/aaa/miniconda3/envs/kaggle/lib/python3.14/site-packages/torch/_dynamo/eval_frame.py", line 1044, in _fn
    return fn(*args, **kwargs)
  File "/home/aaa/miniconda3/envs/kaggle/lib/python3.14/site-packages/torch/utils/checkpoint.py", line 503, in checkpoint
    ret = function(*args, **kwargs)
  File "/home/aaa/miniconda3/envs/kaggle/lib/python3.14/site-packages/timm/models/_manipulate.py", line 261, in forward
    _x = functions[j](_x)
  File "/home/aaa/miniconda3/envs/kaggle/lib/python3.14/site-packages/torch/nn/modules/module.py", line 1775, in _wrapped_call_impl
    return self._call_impl(*args, **kwargs)
           ~~~~~~~~~~~~~~~^^^^^^^^^^^^^^^^^
  File "/home/aaa/miniconda3/envs/kaggle/lib/python3.14/site-packages/torch/nn/modules/module.py", line 1786, in _call_impl
    return forward_call(*args, **kwargs)
  File "/home/aaa/miniconda3/envs/kaggle/lib/python3.14/site-packages/timm/models/vision_transformer.py", line 156, in forward
    x = x + self.drop_path2(self.ls2(self.mlp(self.norm2(x))))
                                     ~~~~~~~~^^^^^^^^^^^^^^^
  File "/home/aaa/miniconda3/envs/kaggle/lib/python3.14/site-packages/torch/nn/modules/module.py", line 1775, in _wrapped_call_impl
    return self._call_impl(*args, **kwargs)
           ~~~~~~~~~~~~~~~^^^^^^^^^^^^^^^^^
  File "/home/aaa/miniconda3/envs/kaggle/lib/python3.14/site-packages/torch/nn/modules/module.py", line 1786, in _call_impl
    return forward_call(*args, **kwargs)
  File "/home/aaa/miniconda3/envs/kaggle/lib/python3.14/site-packages/timm/layers/mlp.py", line 49, in forward
    x = self.act(x)
  File "/home/aaa/miniconda3/envs/kaggle/lib/python3.14/site-packages/torch/nn/modules/module.py", line 1775, in _wrapped_call_impl
    return self._call_impl(*args, **kwargs)
           ~~~~~~~~~~~~~~~^^^^^^^^^^^^^^^^^
  File "/home/aaa/miniconda3/envs/kaggle/lib/python3.14/site-packages/torch/nn/modules/module.py", line 1786, in _call_impl
    return forward_call(*args, **kwargs)
  File "/home/aaa/miniconda3/envs/kaggle/lib/python3.14/site-packages/torch/nn/modules/activation.py", line 816, in forward
    return F.gelu(input, approximate=self.approximate)
           ~~~~~~^^^^^^^^^^^^^^^^^^^^^^^^^^^^^^^^^^^^^
torch.OutOfMemoryError: CUDA out of memory. Tried to allocate 258.00 MiB. GPU 0 has a total capacity of 14.56 GiB of which 99.44 MiB is free. Process 3804700 has 9.22 GiB memory in use. Process 3967564 has 1.87 GiB memory in use. Including non-PyTorch memory, this process has 3.37 GiB memory in use. Of the allocated memory 2.92 GiB is allocated by PyTorch, and 266.79 MiB is reserved by PyTorch but unallocated. If reserved but unallocated memory is large try setting PYTORCH_CUDA_ALLOC_CONF=expandable_segments:True to avoid fragmentation.  See documentation for Memory Management  (https://pytorch.org/docs/stable/notes/cuda.html#environment-variables)

[2025-11-25 19:53:00] INFO - 继续下一个 fold...
[2025-11-25 19:53:20] INFO - 等待 3 秒后继续下一个 fold...
[2025-11-26 02:19:30] INFO - 配置已写入 /home/aaa/Kaggle-Series-Competition/CSIRO-Image2Biomass-Prediction/experiments/v4_crosspvt_t2t_mamba/config.yaml
[2025-11-26 02:19:30] INFO - === 启动 v4 CrossPVT T2T Mamba 训练 ===
[2025-11-26 02:19:30] INFO - 设备: cuda, 混合精度: True
[2025-11-26 02:19:30] INFO - 实验目录: /home/aaa/Kaggle-Series-Competition/CSIRO-Image2Biomass-Prediction/experiments/v4_crosspvt_t2t_mamba
[2025-11-26 02:19:30] INFO - 数据样本: 357
[2025-11-26 02:19:30] INFO - 训练配置: Folds=[0, 1, 2, 3, 4], Resume Mode=auto
[2025-11-26 02:19:30] INFO - ================================================================================
[2025-11-26 02:19:30] INFO - 开始训练 Fold 0/4
[2025-11-26 02:19:30] INFO - ================================================================================
[2025-11-26 02:19:30] INFO - [Fold 0] 训练集: 285 样本 | 验证集: 72 样本
[2025-11-26 02:19:33] INFO - ✅ 使用 DINO 主干: vit_base_patch14_dinov2 | global_pool=token | feat_dim=768 | input_res=518
[2025-11-26 02:19:33] INFO - [Fold 0] Backbone: vit_base_patch14_dinov2 | 输入分辨率: 518
[2025-11-26 02:19:33] INFO - [Fold 0] Params: total=140.55M, trainable=140.55M
[2025-11-26 02:19:34] INFO - [Fold 0] 使用多 GPU (DataParallel)
[2025-11-26 02:19:34] INFO - [Fold 0] 自动检测到 checkpoint: /home/aaa/Kaggle-Series-Competition/CSIRO-Image2Biomass-Prediction/experiments/v4_crosspvt_t2t_mamba/fold_0/checkpoints/last.pt
[2025-11-26 02:19:34] INFO - [Fold 0] 正在加载 checkpoint: /home/aaa/Kaggle-Series-Competition/CSIRO-Image2Biomass-Prediction/experiments/v4_crosspvt_t2t_mamba/fold_0/checkpoints/last.pt
[2025-11-26 02:19:36] INFO - [Fold 0] ✓ 模型权重已加载
[2025-11-26 02:19:36] INFO - [Fold 0] ✓ 已加载历史记录 (60 epochs)
[2025-11-26 02:19:36] INFO - [Fold 0] ⚠️  该 fold 已完成训练 (Epoch 60/60)，跳过训练
[2025-11-26 02:19:36] INFO - [Fold 0] 最佳指标: WR2=0.5788, Loss=263.1820
[2025-11-26 02:19:36] INFO - ✓ Fold 0 训练完成
[2025-11-26 02:19:36] INFO - 等待 3 秒后继续下一个 fold...
[2025-11-26 02:19:39] INFO - ================================================================================
[2025-11-26 02:19:39] INFO - 开始训练 Fold 1/4
[2025-11-26 02:19:39] INFO - ================================================================================
[2025-11-26 02:19:39] INFO - [Fold 1] 训练集: 285 样本 | 验证集: 72 样本
[2025-11-26 02:19:41] INFO - ✅ 使用 DINO 主干: vit_base_patch14_dinov2 | global_pool=token | feat_dim=768 | input_res=518
[2025-11-26 02:19:42] INFO - [Fold 1] Backbone: vit_base_patch14_dinov2 | 输入分辨率: 518
[2025-11-26 02:19:42] INFO - [Fold 1] Params: total=140.55M, trainable=140.55M
[2025-11-26 02:19:42] INFO - [Fold 1] 使用多 GPU (DataParallel)
[2025-11-26 02:19:42] INFO - [Fold 1] 自动检测到 checkpoint: /home/aaa/Kaggle-Series-Competition/CSIRO-Image2Biomass-Prediction/experiments/v4_crosspvt_t2t_mamba/fold_1/checkpoints/last.pt
[2025-11-26 02:19:42] INFO - [Fold 1] 正在加载 checkpoint: /home/aaa/Kaggle-Series-Competition/CSIRO-Image2Biomass-Prediction/experiments/v4_crosspvt_t2t_mamba/fold_1/checkpoints/last.pt
[2025-11-26 02:19:44] INFO - [Fold 1] ✓ 模型权重已加载
[2025-11-26 02:19:44] INFO - [Fold 1] ✓ 断点恢复成功 | Epoch: 56 → 57 | Best WR2: 0.5828 | Best Loss: 139.6269 | Stage: 2
[2025-11-26 02:19:46] INFO - [Fold 1] SwanLab run_id 已保存: hn93wqxh6pf23bmbtmrvl
[2025-11-26 02:19:46] INFO - [Fold 1] 训练开始，起始 epoch=57，stage=2
[2025-11-26 02:30:19] INFO - [Fold 1] Epoch 57/60 | Stage 2 | TrainLoss 473.5283 | ValLoss 146.9571 | WR2 0.5966 | R2_total 0.710 | R2_gdm 0.735 | LR 1.07e-06
[2025-11-26 02:30:25] INFO - [Fold 1] ✓ 新的最佳 WR2: 0.5966 (Epoch 57)
[2025-11-26 02:41:00] INFO - [Fold 1] Epoch 58/60 | Stage 2 | TrainLoss 471.6920 | ValLoss 149.1484 | WR2 0.5986 | R2_total 0.704 | R2_gdm 0.724 | LR 1.03e-06
[2025-11-26 02:41:05] INFO - [Fold 1] ✓ 新的最佳 WR2: 0.5986 (Epoch 58)
[2025-11-26 02:51:41] INFO - [Fold 1] Epoch 59/60 | Stage 2 | TrainLoss 471.4763 | ValLoss 173.3394 | WR2 0.5546 | R2_total 0.648 | R2_gdm 0.678 | LR 1.01e-06
[2025-11-26 03:02:20] INFO - [Fold 1] Epoch 60/60 | Stage 2 | TrainLoss 470.8046 | ValLoss 147.7632 | WR2 0.6018 | R2_total 0.707 | R2_gdm 0.727 | LR 1.00e-06
[2025-11-26 03:02:25] INFO - [Fold 1] ✓ 新的最佳 WR2: 0.6018 (Epoch 60)
[2025-11-26 03:02:25] INFO - [Fold 1] ✓ 训练历史已保存: /home/aaa/Kaggle-Series-Competition/CSIRO-Image2Biomass-Prediction/experiments/v4_crosspvt_t2t_mamba/fold_1/metrics.csv
[2025-11-26 03:02:25] INFO - ================================================================================
[2025-11-26 03:02:25] INFO - [Fold 1] 训练完成总结
[2025-11-26 03:02:25] INFO -   总 Epochs: 60
[2025-11-26 03:02:25] INFO -   最佳 WR2: 0.6018
[2025-11-26 03:02:25] INFO -   最佳 Loss: 139.6269
[2025-11-26 03:02:25] INFO -   最终 Epoch 60 指标:
[2025-11-26 03:02:25] INFO -     Train Loss: 470.8046
[2025-11-26 03:02:25] INFO -     Val Loss: 147.7632
[2025-11-26 03:02:25] INFO -     Val WR2: 0.6018
[2025-11-26 03:02:25] INFO -     val_r2_Dry_Green_g: 0.7177
[2025-11-26 03:02:25] INFO -     val_r2_Dry_Dead_g: 0.6809
[2025-11-26 03:02:25] INFO -     val_r2_Dry_Clover_g: -0.3710
[2025-11-26 03:02:25] INFO -     val_r2_GDM_g: 0.7271
[2025-11-26 03:02:25] INFO -     val_r2_Dry_Total_g: 0.7073
[2025-11-26 03:02:25] INFO -   Checkpoints:
[2025-11-26 03:02:25] INFO -     last.pt: /home/aaa/Kaggle-Series-Competition/CSIRO-Image2Biomass-Prediction/experiments/v4_crosspvt_t2t_mamba/fold_1/checkpoints/last.pt
[2025-11-26 03:02:25] INFO -     best_wr2.pt: /home/aaa/Kaggle-Series-Competition/CSIRO-Image2Biomass-Prediction/experiments/v4_crosspvt_t2t_mamba/fold_1/checkpoints/best_wr2.pt
[2025-11-26 03:02:25] INFO -     best_loss.pt: /home/aaa/Kaggle-Series-Competition/CSIRO-Image2Biomass-Prediction/experiments/v4_crosspvt_t2t_mamba/fold_1/checkpoints/best_loss.pt
[2025-11-26 03:02:25] INFO - ================================================================================
[2025-11-26 03:02:26] INFO - [Fold 1] SwanLab run 已结束
[2025-11-26 03:02:26] INFO - ✓ Fold 1 训练完成
[2025-11-26 03:02:27] INFO - 等待 3 秒后继续下一个 fold...
[2025-11-26 03:02:30] INFO - ================================================================================
[2025-11-26 03:02:30] INFO - 开始训练 Fold 2/4
[2025-11-26 03:02:30] INFO - ================================================================================
[2025-11-26 03:02:30] INFO - [Fold 2] 训练集: 286 样本 | 验证集: 71 样本
[2025-11-26 03:02:33] INFO - ✅ 使用 DINO 主干: vit_base_patch14_dinov2 | global_pool=token | feat_dim=768 | input_res=518
[2025-11-26 03:02:33] INFO - [Fold 2] Backbone: vit_base_patch14_dinov2 | 输入分辨率: 518
[2025-11-26 03:02:33] INFO - [Fold 2] Params: total=140.55M, trainable=140.55M
[2025-11-26 03:02:33] INFO - [Fold 2] 使用多 GPU (DataParallel)
[2025-11-26 03:02:33] INFO - [Fold 2] 未找到 checkpoint，从头开始训练
[2025-11-26 03:02:35] INFO - [Fold 2] SwanLab run_id 已保存: 5gkhy58zl4la8j4hl82ws
[2025-11-26 03:02:35] INFO - [Fold 2] 训练开始，起始 epoch=1，stage=1
[2025-11-26 03:05:56] ERROR - ✗ Fold 2 训练失败: Caught TypeError in replica 1 on device 1.
Original Traceback (most recent call last):
  File "/home/aaa/miniconda3/envs/kaggle/lib/python3.14/site-packages/torch/nn/parallel/parallel_apply.py", line 99, in _worker
    output = module(*input, **kwargs)
  File "/home/aaa/miniconda3/envs/kaggle/lib/python3.14/site-packages/torch/nn/modules/module.py", line 1775, in _wrapped_call_impl
    return self._call_impl(*args, **kwargs)
           ~~~~~~~~~~~~~~~^^^^^^^^^^^^^^^^^
  File "/home/aaa/miniconda3/envs/kaggle/lib/python3.14/site-packages/torch/nn/modules/module.py", line 1786, in _call_impl
    return forward_call(*args, **kwargs)
TypeError: DualInputWrapper.forward() missing 2 required positional arguments: 'x_left' and 'x_right'
Traceback (most recent call last):
  File "/home/aaa/Kaggle-Series-Competition/CSIRO-Image2Biomass-Prediction/experiments/v4_crosspvt_t2t_mamba/train.py", line 1650, in main
    run_fold(fold, df_wide, CFG.project, resume_path=resume_path, resume_mode=resume_mode)
    ~~~~~~~~^^^^^^^^^^^^^^^^^^^^^^^^^^^^^^^^^^^^^^^^^^^^^^^^^^^^^^^^^^^^^^^^^^^^^^^^^^^^^^
  File "/home/aaa/Kaggle-Series-Competition/CSIRO-Image2Biomass-Prediction/experiments/v4_crosspvt_t2t_mamba/train.py", line 1503, in run_fold
    va_loss, wr2, per_r2, per_mae, per_rmse, y_true, y_pred = validate(
                                                              ~~~~~~~~^
        model, valid_loader, criterion, sw_run=run, epoch_idx=ep, log_images=(ep % CFG.log_image_every == 0)
        ^^^^^^^^^^^^^^^^^^^^^^^^^^^^^^^^^^^^^^^^^^^^^^^^^^^^^^^^^^^^^^^^^^^^^^^^^^^^^^^^^^^^^^^^^^^^^^^^^^^^
    )
    ^
  File "/home/aaa/miniconda3/envs/kaggle/lib/python3.14/site-packages/torch/utils/_contextlib.py", line 120, in decorate_context
    return func(*args, **kwargs)
  File "/home/aaa/Kaggle-Series-Competition/CSIRO-Image2Biomass-Prediction/experiments/v4_crosspvt_t2t_mamba/train.py", line 1111, in validate
    out = model(xl, xr, return_features=log_images and step == 0)
  File "/home/aaa/miniconda3/envs/kaggle/lib/python3.14/site-packages/torch/nn/modules/module.py", line 1775, in _wrapped_call_impl
    return self._call_impl(*args, **kwargs)
           ~~~~~~~~~~~~~~~^^^^^^^^^^^^^^^^^
  File "/home/aaa/miniconda3/envs/kaggle/lib/python3.14/site-packages/torch/nn/modules/module.py", line 1786, in _call_impl
    return forward_call(*args, **kwargs)
  File "/home/aaa/miniconda3/envs/kaggle/lib/python3.14/site-packages/torch/nn/parallel/data_parallel.py", line 194, in forward
    outputs = self.parallel_apply(replicas, inputs, module_kwargs)
  File "/home/aaa/miniconda3/envs/kaggle/lib/python3.14/site-packages/torch/nn/parallel/data_parallel.py", line 213, in parallel_apply
    return parallel_apply(
        replicas, inputs, kwargs, self.device_ids[: len(replicas)]
    )
  File "/home/aaa/miniconda3/envs/kaggle/lib/python3.14/site-packages/torch/nn/parallel/parallel_apply.py", line 129, in parallel_apply
    output.reraise()
    ~~~~~~~~~~~~~~^^
  File "/home/aaa/miniconda3/envs/kaggle/lib/python3.14/site-packages/torch/_utils.py", line 769, in reraise
    raise exception
TypeError: Caught TypeError in replica 1 on device 1.
Original Traceback (most recent call last):
  File "/home/aaa/miniconda3/envs/kaggle/lib/python3.14/site-packages/torch/nn/parallel/parallel_apply.py", line 99, in _worker
    output = module(*input, **kwargs)
  File "/home/aaa/miniconda3/envs/kaggle/lib/python3.14/site-packages/torch/nn/modules/module.py", line 1775, in _wrapped_call_impl
    return self._call_impl(*args, **kwargs)
           ~~~~~~~~~~~~~~~^^^^^^^^^^^^^^^^^
  File "/home/aaa/miniconda3/envs/kaggle/lib/python3.14/site-packages/torch/nn/modules/module.py", line 1786, in _call_impl
    return forward_call(*args, **kwargs)
TypeError: DualInputWrapper.forward() missing 2 required positional arguments: 'x_left' and 'x_right'

[2025-11-26 03:05:56] INFO - 继续下一个 fold...
[2025-11-26 03:06:17] INFO - 等待 3 秒后继续下一个 fold...
[2025-11-26 03:06:20] INFO - ================================================================================
[2025-11-26 03:06:20] INFO - 开始训练 Fold 3/4
[2025-11-26 03:06:20] INFO - ================================================================================
[2025-11-26 03:06:20] INFO - [Fold 3] 训练集: 286 样本 | 验证集: 71 样本
[2025-11-26 03:06:23] INFO - ✅ 使用 DINO 主干: vit_base_patch14_dinov2 | global_pool=token | feat_dim=768 | input_res=518
[2025-11-26 03:06:23] INFO - [Fold 3] Backbone: vit_base_patch14_dinov2 | 输入分辨率: 518
[2025-11-26 03:06:23] INFO - [Fold 3] Params: total=140.55M, trainable=140.55M
[2025-11-26 03:06:23] INFO - [Fold 3] 使用多 GPU (DataParallel)
[2025-11-26 03:06:23] INFO - [Fold 3] 未找到 checkpoint，从头开始训练
[2025-11-26 03:06:23] INFO - [Fold 3] SwanLab run_id 已保存: 5gkhy58zl4la8j4hl82ws
[2025-11-26 03:06:23] INFO - [Fold 3] 训练开始，起始 epoch=1，stage=1
[2025-11-26 03:09:47] ERROR - ✗ Fold 3 训练失败: Caught TypeError in replica 1 on device 1.
Original Traceback (most recent call last):
  File "/home/aaa/miniconda3/envs/kaggle/lib/python3.14/site-packages/torch/nn/parallel/parallel_apply.py", line 99, in _worker
    output = module(*input, **kwargs)
  File "/home/aaa/miniconda3/envs/kaggle/lib/python3.14/site-packages/torch/nn/modules/module.py", line 1775, in _wrapped_call_impl
    return self._call_impl(*args, **kwargs)
           ~~~~~~~~~~~~~~~^^^^^^^^^^^^^^^^^
  File "/home/aaa/miniconda3/envs/kaggle/lib/python3.14/site-packages/torch/nn/modules/module.py", line 1786, in _call_impl
    return forward_call(*args, **kwargs)
TypeError: DualInputWrapper.forward() missing 2 required positional arguments: 'x_left' and 'x_right'
Traceback (most recent call last):
  File "/home/aaa/Kaggle-Series-Competition/CSIRO-Image2Biomass-Prediction/experiments/v4_crosspvt_t2t_mamba/train.py", line 1650, in main
    run_fold(fold, df_wide, CFG.project, resume_path=resume_path, resume_mode=resume_mode)
    ~~~~~~~~^^^^^^^^^^^^^^^^^^^^^^^^^^^^^^^^^^^^^^^^^^^^^^^^^^^^^^^^^^^^^^^^^^^^^^^^^^^^^^
  File "/home/aaa/Kaggle-Series-Competition/CSIRO-Image2Biomass-Prediction/experiments/v4_crosspvt_t2t_mamba/train.py", line 1503, in run_fold
    va_loss, wr2, per_r2, per_mae, per_rmse, y_true, y_pred = validate(
                                                              ~~~~~~~~^
        model, valid_loader, criterion, sw_run=run, epoch_idx=ep, log_images=(ep % CFG.log_image_every == 0)
        ^^^^^^^^^^^^^^^^^^^^^^^^^^^^^^^^^^^^^^^^^^^^^^^^^^^^^^^^^^^^^^^^^^^^^^^^^^^^^^^^^^^^^^^^^^^^^^^^^^^^
    )
    ^
  File "/home/aaa/miniconda3/envs/kaggle/lib/python3.14/site-packages/torch/utils/_contextlib.py", line 120, in decorate_context
    return func(*args, **kwargs)
  File "/home/aaa/Kaggle-Series-Competition/CSIRO-Image2Biomass-Prediction/experiments/v4_crosspvt_t2t_mamba/train.py", line 1111, in validate
    out = model(xl, xr, return_features=log_images and step == 0)
  File "/home/aaa/miniconda3/envs/kaggle/lib/python3.14/site-packages/torch/nn/modules/module.py", line 1775, in _wrapped_call_impl
    return self._call_impl(*args, **kwargs)
           ~~~~~~~~~~~~~~~^^^^^^^^^^^^^^^^^
  File "/home/aaa/miniconda3/envs/kaggle/lib/python3.14/site-packages/torch/nn/modules/module.py", line 1786, in _call_impl
    return forward_call(*args, **kwargs)
  File "/home/aaa/miniconda3/envs/kaggle/lib/python3.14/site-packages/torch/nn/parallel/data_parallel.py", line 194, in forward
    outputs = self.parallel_apply(replicas, inputs, module_kwargs)
  File "/home/aaa/miniconda3/envs/kaggle/lib/python3.14/site-packages/torch/nn/parallel/data_parallel.py", line 213, in parallel_apply
    return parallel_apply(
        replicas, inputs, kwargs, self.device_ids[: len(replicas)]
    )
  File "/home/aaa/miniconda3/envs/kaggle/lib/python3.14/site-packages/torch/nn/parallel/parallel_apply.py", line 129, in parallel_apply
    output.reraise()
    ~~~~~~~~~~~~~~^^
  File "/home/aaa/miniconda3/envs/kaggle/lib/python3.14/site-packages/torch/_utils.py", line 769, in reraise
    raise exception
TypeError: Caught TypeError in replica 1 on device 1.
Original Traceback (most recent call last):
  File "/home/aaa/miniconda3/envs/kaggle/lib/python3.14/site-packages/torch/nn/parallel/parallel_apply.py", line 99, in _worker
    output = module(*input, **kwargs)
  File "/home/aaa/miniconda3/envs/kaggle/lib/python3.14/site-packages/torch/nn/modules/module.py", line 1775, in _wrapped_call_impl
    return self._call_impl(*args, **kwargs)
           ~~~~~~~~~~~~~~~^^^^^^^^^^^^^^^^^
  File "/home/aaa/miniconda3/envs/kaggle/lib/python3.14/site-packages/torch/nn/modules/module.py", line 1786, in _call_impl
    return forward_call(*args, **kwargs)
TypeError: DualInputWrapper.forward() missing 2 required positional arguments: 'x_left' and 'x_right'

[2025-11-26 03:09:47] INFO - 继续下一个 fold...
[2025-11-26 03:10:07] INFO - 等待 3 秒后继续下一个 fold...
[2025-11-26 03:10:10] INFO - ================================================================================
[2025-11-26 03:10:10] INFO - 开始训练 Fold 4/4
[2025-11-26 03:10:10] INFO - ================================================================================
[2025-11-26 03:10:10] INFO - [Fold 4] 训练集: 286 样本 | 验证集: 71 样本
[2025-11-26 03:10:13] INFO - ✅ 使用 DINO 主干: vit_base_patch14_dinov2 | global_pool=token | feat_dim=768 | input_res=518
[2025-11-26 03:10:13] INFO - [Fold 4] Backbone: vit_base_patch14_dinov2 | 输入分辨率: 518
[2025-11-26 03:10:13] INFO - [Fold 4] Params: total=140.55M, trainable=140.55M
[2025-11-26 03:10:13] INFO - [Fold 4] 使用多 GPU (DataParallel)
[2025-11-26 03:10:13] INFO - [Fold 4] 未找到 checkpoint，从头开始训练
[2025-11-26 03:10:13] INFO - [Fold 4] SwanLab run_id 已保存: 5gkhy58zl4la8j4hl82ws
[2025-11-26 03:10:13] INFO - [Fold 4] 训练开始，起始 epoch=1，stage=1
[2025-11-26 03:13:37] ERROR - ✗ Fold 4 训练失败: Caught TypeError in replica 1 on device 1.
Original Traceback (most recent call last):
  File "/home/aaa/miniconda3/envs/kaggle/lib/python3.14/site-packages/torch/nn/parallel/parallel_apply.py", line 99, in _worker
    output = module(*input, **kwargs)
  File "/home/aaa/miniconda3/envs/kaggle/lib/python3.14/site-packages/torch/nn/modules/module.py", line 1775, in _wrapped_call_impl
    return self._call_impl(*args, **kwargs)
           ~~~~~~~~~~~~~~~^^^^^^^^^^^^^^^^^
  File "/home/aaa/miniconda3/envs/kaggle/lib/python3.14/site-packages/torch/nn/modules/module.py", line 1786, in _call_impl
    return forward_call(*args, **kwargs)
TypeError: DualInputWrapper.forward() missing 2 required positional arguments: 'x_left' and 'x_right'
Traceback (most recent call last):
  File "/home/aaa/Kaggle-Series-Competition/CSIRO-Image2Biomass-Prediction/experiments/v4_crosspvt_t2t_mamba/train.py", line 1650, in main
    run_fold(fold, df_wide, CFG.project, resume_path=resume_path, resume_mode=resume_mode)
    ~~~~~~~~^^^^^^^^^^^^^^^^^^^^^^^^^^^^^^^^^^^^^^^^^^^^^^^^^^^^^^^^^^^^^^^^^^^^^^^^^^^^^^
  File "/home/aaa/Kaggle-Series-Competition/CSIRO-Image2Biomass-Prediction/experiments/v4_crosspvt_t2t_mamba/train.py", line 1503, in run_fold
    va_loss, wr2, per_r2, per_mae, per_rmse, y_true, y_pred = validate(
                                                              ~~~~~~~~^
        model, valid_loader, criterion, sw_run=run, epoch_idx=ep, log_images=(ep % CFG.log_image_every == 0)
        ^^^^^^^^^^^^^^^^^^^^^^^^^^^^^^^^^^^^^^^^^^^^^^^^^^^^^^^^^^^^^^^^^^^^^^^^^^^^^^^^^^^^^^^^^^^^^^^^^^^^
    )
    ^
  File "/home/aaa/miniconda3/envs/kaggle/lib/python3.14/site-packages/torch/utils/_contextlib.py", line 120, in decorate_context
    return func(*args, **kwargs)
  File "/home/aaa/Kaggle-Series-Competition/CSIRO-Image2Biomass-Prediction/experiments/v4_crosspvt_t2t_mamba/train.py", line 1111, in validate
    out = model(xl, xr, return_features=log_images and step == 0)
  File "/home/aaa/miniconda3/envs/kaggle/lib/python3.14/site-packages/torch/nn/modules/module.py", line 1775, in _wrapped_call_impl
    return self._call_impl(*args, **kwargs)
           ~~~~~~~~~~~~~~~^^^^^^^^^^^^^^^^^
  File "/home/aaa/miniconda3/envs/kaggle/lib/python3.14/site-packages/torch/nn/modules/module.py", line 1786, in _call_impl
    return forward_call(*args, **kwargs)
  File "/home/aaa/miniconda3/envs/kaggle/lib/python3.14/site-packages/torch/nn/parallel/data_parallel.py", line 194, in forward
    outputs = self.parallel_apply(replicas, inputs, module_kwargs)
  File "/home/aaa/miniconda3/envs/kaggle/lib/python3.14/site-packages/torch/nn/parallel/data_parallel.py", line 213, in parallel_apply
    return parallel_apply(
        replicas, inputs, kwargs, self.device_ids[: len(replicas)]
    )
  File "/home/aaa/miniconda3/envs/kaggle/lib/python3.14/site-packages/torch/nn/parallel/parallel_apply.py", line 129, in parallel_apply
    output.reraise()
    ~~~~~~~~~~~~~~^^
  File "/home/aaa/miniconda3/envs/kaggle/lib/python3.14/site-packages/torch/_utils.py", line 769, in reraise
    raise exception
TypeError: Caught TypeError in replica 1 on device 1.
Original Traceback (most recent call last):
  File "/home/aaa/miniconda3/envs/kaggle/lib/python3.14/site-packages/torch/nn/parallel/parallel_apply.py", line 99, in _worker
    output = module(*input, **kwargs)
  File "/home/aaa/miniconda3/envs/kaggle/lib/python3.14/site-packages/torch/nn/modules/module.py", line 1775, in _wrapped_call_impl
    return self._call_impl(*args, **kwargs)
           ~~~~~~~~~~~~~~~^^^^^^^^^^^^^^^^^
  File "/home/aaa/miniconda3/envs/kaggle/lib/python3.14/site-packages/torch/nn/modules/module.py", line 1786, in _call_impl
    return forward_call(*args, **kwargs)
TypeError: DualInputWrapper.forward() missing 2 required positional arguments: 'x_left' and 'x_right'

[2025-11-26 03:13:37] INFO - 继续下一个 fold...
[2025-11-26 03:13:57] INFO - ================================================================================
[2025-11-26 03:13:57] INFO - 所有 Folds 训练完成！
[2025-11-26 03:13:57] INFO - ================================================================================
[2025-11-26 07:17:18] INFO - 配置已写入 /home/aaa/Kaggle-Series-Competition/CSIRO-Image2Biomass-Prediction/experiments/v4_crosspvt_t2t_mamba/config.yaml
[2025-11-26 07:17:18] INFO - === 启动 v4 CrossPVT T2T Mamba 训练 ===
[2025-11-26 07:17:18] INFO - 设备: cuda, 混合精度: True
[2025-11-26 07:17:18] INFO - 实验目录: /home/aaa/Kaggle-Series-Competition/CSIRO-Image2Biomass-Prediction/experiments/v4_crosspvt_t2t_mamba
[2025-11-26 07:17:18] INFO - 数据样本: 357
[2025-11-26 07:17:18] INFO - 训练配置: Folds=[0, 1, 2, 3, 4], Resume Mode=auto
[2025-11-26 07:17:18] INFO - ================================================================================
[2025-11-26 07:17:18] INFO - 开始训练 Fold 0/4
[2025-11-26 07:17:18] INFO - ================================================================================
[2025-11-26 07:17:18] INFO - [Fold 0] 训练集: 285 样本 | 验证集: 72 样本
[2025-11-26 07:17:20] INFO - ✅ 使用 DINO 主干: vit_base_patch14_dinov2 | global_pool=token | feat_dim=768 | input_res=518
[2025-11-26 07:17:21] INFO - [Fold 0] Backbone: vit_base_patch14_dinov2 | 输入分辨率: 518
[2025-11-26 07:17:21] INFO - [Fold 0] Params: total=140.55M, trainable=140.55M
[2025-11-26 07:17:21] INFO - [Fold 0] 使用多 GPU (DataParallel)
[2025-11-26 07:17:21] INFO - [Fold 0] 自动检测到 checkpoint: /home/aaa/Kaggle-Series-Competition/CSIRO-Image2Biomass-Prediction/experiments/v4_crosspvt_t2t_mamba/fold_0/checkpoints/last.pt
[2025-11-26 07:17:21] INFO - [Fold 0] 正在加载 checkpoint: /home/aaa/Kaggle-Series-Competition/CSIRO-Image2Biomass-Prediction/experiments/v4_crosspvt_t2t_mamba/fold_0/checkpoints/last.pt
[2025-11-26 07:17:23] INFO - [Fold 0] ✓ 模型权重已加载
[2025-11-26 07:17:23] INFO - [Fold 0] ✓ 已加载历史记录 (60 epochs)
[2025-11-26 07:17:23] INFO - [Fold 0] ⚠️  该 fold 已完成训练 (Epoch 60/60)，跳过训练
[2025-11-26 07:17:23] INFO - [Fold 0] 最佳指标: WR2=0.5788, Loss=263.1820
[2025-11-26 07:17:23] INFO - ✓ Fold 0 训练完成
[2025-11-26 07:17:23] INFO - 等待 3 秒后继续下一个 fold...
[2025-11-26 07:17:26] INFO - ================================================================================
[2025-11-26 07:17:26] INFO - 开始训练 Fold 1/4
[2025-11-26 07:17:26] INFO - ================================================================================
[2025-11-26 07:17:26] INFO - [Fold 1] 训练集: 285 样本 | 验证集: 72 样本
[2025-11-26 07:17:29] INFO - ✅ 使用 DINO 主干: vit_base_patch14_dinov2 | global_pool=token | feat_dim=768 | input_res=518
[2025-11-26 07:17:29] INFO - [Fold 1] Backbone: vit_base_patch14_dinov2 | 输入分辨率: 518
[2025-11-26 07:17:29] INFO - [Fold 1] Params: total=140.55M, trainable=140.55M
[2025-11-26 07:17:29] INFO - [Fold 1] 使用多 GPU (DataParallel)
[2025-11-26 07:17:29] INFO - [Fold 1] 自动检测到 checkpoint: /home/aaa/Kaggle-Series-Competition/CSIRO-Image2Biomass-Prediction/experiments/v4_crosspvt_t2t_mamba/fold_1/checkpoints/last.pt
[2025-11-26 07:17:29] INFO - [Fold 1] 正在加载 checkpoint: /home/aaa/Kaggle-Series-Competition/CSIRO-Image2Biomass-Prediction/experiments/v4_crosspvt_t2t_mamba/fold_1/checkpoints/last.pt
[2025-11-26 07:17:30] INFO - [Fold 1] 检测到非 DataParallel 格式的 checkpoint，正在添加 'module.' 前缀
[2025-11-26 07:17:30] INFO - [Fold 1] ✓ 模型权重已加载
[2025-11-26 07:17:30] INFO - [Fold 1] ✓ 已加载历史记录 (4 epochs)
[2025-11-26 07:17:30] INFO - [Fold 1] ⚠️  该 fold 已完成训练 (Epoch 60/60)，跳过训练
[2025-11-26 07:17:30] INFO - [Fold 1] 最佳指标: WR2=0.5986, Loss=139.6269
[2025-11-26 07:17:30] INFO - ✓ Fold 1 训练完成
[2025-11-26 07:17:31] INFO - 等待 3 秒后继续下一个 fold...
[2025-11-26 07:17:34] INFO - ================================================================================
[2025-11-26 07:17:34] INFO - 开始训练 Fold 2/4
[2025-11-26 07:17:34] INFO - ================================================================================
[2025-11-26 07:17:34] INFO - [Fold 2] 训练集: 286 样本 | 验证集: 71 样本
[2025-11-26 07:17:36] INFO - ✅ 使用 DINO 主干: vit_base_patch14_dinov2 | global_pool=token | feat_dim=768 | input_res=518
[2025-11-26 07:17:37] INFO - [Fold 2] Backbone: vit_base_patch14_dinov2 | 输入分辨率: 518
[2025-11-26 07:17:37] INFO - [Fold 2] Params: total=140.55M, trainable=140.55M
[2025-11-26 07:17:37] INFO - [Fold 2] 使用多 GPU (DataParallel)
[2025-11-26 07:17:37] INFO - [Fold 2] 未找到 checkpoint，从头开始训练
[2025-11-26 07:17:38] INFO - [Fold 2] SwanLab run_id 已保存: 26ml18nn0nmznzau5oceo
[2025-11-26 07:17:38] INFO - [Fold 2] 训练开始，起始 epoch=1，stage=1
[2025-11-26 07:20:59] ERROR - ✗ Fold 2 训练失败: Caught TypeError in replica 1 on device 1.
Original Traceback (most recent call last):
  File "/home/aaa/miniconda3/envs/kaggle/lib/python3.14/site-packages/torch/nn/parallel/parallel_apply.py", line 99, in _worker
    output = module(*input, **kwargs)
  File "/home/aaa/miniconda3/envs/kaggle/lib/python3.14/site-packages/torch/nn/modules/module.py", line 1775, in _wrapped_call_impl
    return self._call_impl(*args, **kwargs)
           ~~~~~~~~~~~~~~~^^^^^^^^^^^^^^^^^
  File "/home/aaa/miniconda3/envs/kaggle/lib/python3.14/site-packages/torch/nn/modules/module.py", line 1786, in _call_impl
    return forward_call(*args, **kwargs)
TypeError: CrossPVT_T2T_MambaDINO.forward() missing 2 required positional arguments: 'x_left' and 'x_right'
Traceback (most recent call last):
  File "/home/aaa/Kaggle-Series-Competition/CSIRO-Image2Biomass-Prediction/experiments/v4_crosspvt_t2t_mamba/train.py", line 1625, in main
    run_fold(fold, df_wide, CFG.project, resume_path=resume_path, resume_mode=resume_mode)
    ~~~~~~~~^^^^^^^^^^^^^^^^^^^^^^^^^^^^^^^^^^^^^^^^^^^^^^^^^^^^^^^^^^^^^^^^^^^^^^^^^^^^^^
  File "/home/aaa/Kaggle-Series-Competition/CSIRO-Image2Biomass-Prediction/experiments/v4_crosspvt_t2t_mamba/train.py", line 1480, in run_fold
    va_loss, wr2, per_r2, per_mae, per_rmse, y_true, y_pred = validate(
                                                              ~~~~~~~~^
        model, valid_loader, criterion, sw_run=run, epoch_idx=ep, log_images=(ep % CFG.log_image_every == 0)
        ^^^^^^^^^^^^^^^^^^^^^^^^^^^^^^^^^^^^^^^^^^^^^^^^^^^^^^^^^^^^^^^^^^^^^^^^^^^^^^^^^^^^^^^^^^^^^^^^^^^^
    )
    ^
  File "/home/aaa/miniconda3/envs/kaggle/lib/python3.14/site-packages/torch/utils/_contextlib.py", line 120, in decorate_context
    return func(*args, **kwargs)
  File "/home/aaa/Kaggle-Series-Competition/CSIRO-Image2Biomass-Prediction/experiments/v4_crosspvt_t2t_mamba/train.py", line 1093, in validate
    out = model(xl, xr, return_features=log_images and step == 0)
  File "/home/aaa/miniconda3/envs/kaggle/lib/python3.14/site-packages/torch/nn/modules/module.py", line 1775, in _wrapped_call_impl
    return self._call_impl(*args, **kwargs)
           ~~~~~~~~~~~~~~~^^^^^^^^^^^^^^^^^
  File "/home/aaa/miniconda3/envs/kaggle/lib/python3.14/site-packages/torch/nn/modules/module.py", line 1786, in _call_impl
    return forward_call(*args, **kwargs)
  File "/home/aaa/miniconda3/envs/kaggle/lib/python3.14/site-packages/torch/nn/parallel/data_parallel.py", line 194, in forward
    outputs = self.parallel_apply(replicas, inputs, module_kwargs)
  File "/home/aaa/miniconda3/envs/kaggle/lib/python3.14/site-packages/torch/nn/parallel/data_parallel.py", line 213, in parallel_apply
    return parallel_apply(
        replicas, inputs, kwargs, self.device_ids[: len(replicas)]
    )
  File "/home/aaa/miniconda3/envs/kaggle/lib/python3.14/site-packages/torch/nn/parallel/parallel_apply.py", line 129, in parallel_apply
    output.reraise()
    ~~~~~~~~~~~~~~^^
  File "/home/aaa/miniconda3/envs/kaggle/lib/python3.14/site-packages/torch/_utils.py", line 769, in reraise
    raise exception
TypeError: Caught TypeError in replica 1 on device 1.
Original Traceback (most recent call last):
  File "/home/aaa/miniconda3/envs/kaggle/lib/python3.14/site-packages/torch/nn/parallel/parallel_apply.py", line 99, in _worker
    output = module(*input, **kwargs)
  File "/home/aaa/miniconda3/envs/kaggle/lib/python3.14/site-packages/torch/nn/modules/module.py", line 1775, in _wrapped_call_impl
    return self._call_impl(*args, **kwargs)
           ~~~~~~~~~~~~~~~^^^^^^^^^^^^^^^^^
  File "/home/aaa/miniconda3/envs/kaggle/lib/python3.14/site-packages/torch/nn/modules/module.py", line 1786, in _call_impl
    return forward_call(*args, **kwargs)
TypeError: CrossPVT_T2T_MambaDINO.forward() missing 2 required positional arguments: 'x_left' and 'x_right'

[2025-11-26 07:20:59] INFO - 继续下一个 fold...
[2025-11-26 07:21:20] INFO - 等待 3 秒后继续下一个 fold...
[2025-11-26 07:21:23] INFO - ================================================================================
[2025-11-26 07:21:23] INFO - 开始训练 Fold 3/4
[2025-11-26 07:21:23] INFO - ================================================================================
[2025-11-26 07:21:23] INFO - [Fold 3] 训练集: 286 样本 | 验证集: 71 样本
[2025-11-26 07:21:25] INFO - ✅ 使用 DINO 主干: vit_base_patch14_dinov2 | global_pool=token | feat_dim=768 | input_res=518
[2025-11-26 07:21:26] INFO - [Fold 3] Backbone: vit_base_patch14_dinov2 | 输入分辨率: 518
[2025-11-26 07:21:26] INFO - [Fold 3] Params: total=140.55M, trainable=140.55M
[2025-11-26 07:21:26] INFO - [Fold 3] 使用多 GPU (DataParallel)
[2025-11-26 07:21:26] INFO - [Fold 3] 未找到 checkpoint，从头开始训练
[2025-11-26 07:21:26] INFO - [Fold 3] SwanLab run_id 已保存: 26ml18nn0nmznzau5oceo
[2025-11-26 07:21:26] INFO - [Fold 3] 训练开始，起始 epoch=1，stage=1
[2025-11-26 07:24:50] ERROR - ✗ Fold 3 训练失败: Caught TypeError in replica 1 on device 1.
Original Traceback (most recent call last):
  File "/home/aaa/miniconda3/envs/kaggle/lib/python3.14/site-packages/torch/nn/parallel/parallel_apply.py", line 99, in _worker
    output = module(*input, **kwargs)
  File "/home/aaa/miniconda3/envs/kaggle/lib/python3.14/site-packages/torch/nn/modules/module.py", line 1775, in _wrapped_call_impl
    return self._call_impl(*args, **kwargs)
           ~~~~~~~~~~~~~~~^^^^^^^^^^^^^^^^^
  File "/home/aaa/miniconda3/envs/kaggle/lib/python3.14/site-packages/torch/nn/modules/module.py", line 1786, in _call_impl
    return forward_call(*args, **kwargs)
TypeError: CrossPVT_T2T_MambaDINO.forward() missing 2 required positional arguments: 'x_left' and 'x_right'
Traceback (most recent call last):
  File "/home/aaa/Kaggle-Series-Competition/CSIRO-Image2Biomass-Prediction/experiments/v4_crosspvt_t2t_mamba/train.py", line 1625, in main
    run_fold(fold, df_wide, CFG.project, resume_path=resume_path, resume_mode=resume_mode)
    ~~~~~~~~^^^^^^^^^^^^^^^^^^^^^^^^^^^^^^^^^^^^^^^^^^^^^^^^^^^^^^^^^^^^^^^^^^^^^^^^^^^^^^
  File "/home/aaa/Kaggle-Series-Competition/CSIRO-Image2Biomass-Prediction/experiments/v4_crosspvt_t2t_mamba/train.py", line 1480, in run_fold
    va_loss, wr2, per_r2, per_mae, per_rmse, y_true, y_pred = validate(
                                                              ~~~~~~~~^
        model, valid_loader, criterion, sw_run=run, epoch_idx=ep, log_images=(ep % CFG.log_image_every == 0)
        ^^^^^^^^^^^^^^^^^^^^^^^^^^^^^^^^^^^^^^^^^^^^^^^^^^^^^^^^^^^^^^^^^^^^^^^^^^^^^^^^^^^^^^^^^^^^^^^^^^^^
    )
    ^
  File "/home/aaa/miniconda3/envs/kaggle/lib/python3.14/site-packages/torch/utils/_contextlib.py", line 120, in decorate_context
    return func(*args, **kwargs)
  File "/home/aaa/Kaggle-Series-Competition/CSIRO-Image2Biomass-Prediction/experiments/v4_crosspvt_t2t_mamba/train.py", line 1093, in validate
    out = model(xl, xr, return_features=log_images and step == 0)
  File "/home/aaa/miniconda3/envs/kaggle/lib/python3.14/site-packages/torch/nn/modules/module.py", line 1775, in _wrapped_call_impl
    return self._call_impl(*args, **kwargs)
           ~~~~~~~~~~~~~~~^^^^^^^^^^^^^^^^^
  File "/home/aaa/miniconda3/envs/kaggle/lib/python3.14/site-packages/torch/nn/modules/module.py", line 1786, in _call_impl
    return forward_call(*args, **kwargs)
  File "/home/aaa/miniconda3/envs/kaggle/lib/python3.14/site-packages/torch/nn/parallel/data_parallel.py", line 194, in forward
    outputs = self.parallel_apply(replicas, inputs, module_kwargs)
  File "/home/aaa/miniconda3/envs/kaggle/lib/python3.14/site-packages/torch/nn/parallel/data_parallel.py", line 213, in parallel_apply
    return parallel_apply(
        replicas, inputs, kwargs, self.device_ids[: len(replicas)]
    )
  File "/home/aaa/miniconda3/envs/kaggle/lib/python3.14/site-packages/torch/nn/parallel/parallel_apply.py", line 129, in parallel_apply
    output.reraise()
    ~~~~~~~~~~~~~~^^
  File "/home/aaa/miniconda3/envs/kaggle/lib/python3.14/site-packages/torch/_utils.py", line 769, in reraise
    raise exception
TypeError: Caught TypeError in replica 1 on device 1.
Original Traceback (most recent call last):
  File "/home/aaa/miniconda3/envs/kaggle/lib/python3.14/site-packages/torch/nn/parallel/parallel_apply.py", line 99, in _worker
    output = module(*input, **kwargs)
  File "/home/aaa/miniconda3/envs/kaggle/lib/python3.14/site-packages/torch/nn/modules/module.py", line 1775, in _wrapped_call_impl
    return self._call_impl(*args, **kwargs)
           ~~~~~~~~~~~~~~~^^^^^^^^^^^^^^^^^
  File "/home/aaa/miniconda3/envs/kaggle/lib/python3.14/site-packages/torch/nn/modules/module.py", line 1786, in _call_impl
    return forward_call(*args, **kwargs)
TypeError: CrossPVT_T2T_MambaDINO.forward() missing 2 required positional arguments: 'x_left' and 'x_right'

[2025-11-26 07:24:50] INFO - 继续下一个 fold...
[2025-11-26 07:25:11] INFO - 等待 3 秒后继续下一个 fold...
[2025-11-26 07:25:14] INFO - ================================================================================
[2025-11-26 07:25:14] INFO - 开始训练 Fold 4/4
[2025-11-26 07:25:14] INFO - ================================================================================
[2025-11-26 07:25:14] INFO - [Fold 4] 训练集: 286 样本 | 验证集: 71 样本
[2025-11-26 07:25:17] INFO - ✅ 使用 DINO 主干: vit_base_patch14_dinov2 | global_pool=token | feat_dim=768 | input_res=518
[2025-11-26 07:25:17] INFO - [Fold 4] Backbone: vit_base_patch14_dinov2 | 输入分辨率: 518
[2025-11-26 07:25:17] INFO - [Fold 4] Params: total=140.55M, trainable=140.55M
[2025-11-26 07:25:17] INFO - [Fold 4] 使用多 GPU (DataParallel)
[2025-11-26 07:25:17] INFO - [Fold 4] 未找到 checkpoint，从头开始训练
[2025-11-26 07:25:17] INFO - [Fold 4] SwanLab run_id 已保存: 26ml18nn0nmznzau5oceo
[2025-11-26 07:25:17] INFO - [Fold 4] 训练开始，起始 epoch=1，stage=1
[2025-11-26 07:28:40] ERROR - ✗ Fold 4 训练失败: Caught TypeError in replica 1 on device 1.
Original Traceback (most recent call last):
  File "/home/aaa/miniconda3/envs/kaggle/lib/python3.14/site-packages/torch/nn/parallel/parallel_apply.py", line 99, in _worker
    output = module(*input, **kwargs)
  File "/home/aaa/miniconda3/envs/kaggle/lib/python3.14/site-packages/torch/nn/modules/module.py", line 1775, in _wrapped_call_impl
    return self._call_impl(*args, **kwargs)
           ~~~~~~~~~~~~~~~^^^^^^^^^^^^^^^^^
  File "/home/aaa/miniconda3/envs/kaggle/lib/python3.14/site-packages/torch/nn/modules/module.py", line 1786, in _call_impl
    return forward_call(*args, **kwargs)
TypeError: CrossPVT_T2T_MambaDINO.forward() missing 2 required positional arguments: 'x_left' and 'x_right'
Traceback (most recent call last):
  File "/home/aaa/Kaggle-Series-Competition/CSIRO-Image2Biomass-Prediction/experiments/v4_crosspvt_t2t_mamba/train.py", line 1625, in main
    run_fold(fold, df_wide, CFG.project, resume_path=resume_path, resume_mode=resume_mode)
    ~~~~~~~~^^^^^^^^^^^^^^^^^^^^^^^^^^^^^^^^^^^^^^^^^^^^^^^^^^^^^^^^^^^^^^^^^^^^^^^^^^^^^^
  File "/home/aaa/Kaggle-Series-Competition/CSIRO-Image2Biomass-Prediction/experiments/v4_crosspvt_t2t_mamba/train.py", line 1480, in run_fold
    va_loss, wr2, per_r2, per_mae, per_rmse, y_true, y_pred = validate(
                                                              ~~~~~~~~^
        model, valid_loader, criterion, sw_run=run, epoch_idx=ep, log_images=(ep % CFG.log_image_every == 0)
        ^^^^^^^^^^^^^^^^^^^^^^^^^^^^^^^^^^^^^^^^^^^^^^^^^^^^^^^^^^^^^^^^^^^^^^^^^^^^^^^^^^^^^^^^^^^^^^^^^^^^
    )
    ^
  File "/home/aaa/miniconda3/envs/kaggle/lib/python3.14/site-packages/torch/utils/_contextlib.py", line 120, in decorate_context
    return func(*args, **kwargs)
  File "/home/aaa/Kaggle-Series-Competition/CSIRO-Image2Biomass-Prediction/experiments/v4_crosspvt_t2t_mamba/train.py", line 1093, in validate
    out = model(xl, xr, return_features=log_images and step == 0)
  File "/home/aaa/miniconda3/envs/kaggle/lib/python3.14/site-packages/torch/nn/modules/module.py", line 1775, in _wrapped_call_impl
    return self._call_impl(*args, **kwargs)
           ~~~~~~~~~~~~~~~^^^^^^^^^^^^^^^^^
  File "/home/aaa/miniconda3/envs/kaggle/lib/python3.14/site-packages/torch/nn/modules/module.py", line 1786, in _call_impl
    return forward_call(*args, **kwargs)
  File "/home/aaa/miniconda3/envs/kaggle/lib/python3.14/site-packages/torch/nn/parallel/data_parallel.py", line 194, in forward
    outputs = self.parallel_apply(replicas, inputs, module_kwargs)
  File "/home/aaa/miniconda3/envs/kaggle/lib/python3.14/site-packages/torch/nn/parallel/data_parallel.py", line 213, in parallel_apply
    return parallel_apply(
        replicas, inputs, kwargs, self.device_ids[: len(replicas)]
    )
  File "/home/aaa/miniconda3/envs/kaggle/lib/python3.14/site-packages/torch/nn/parallel/parallel_apply.py", line 129, in parallel_apply
    output.reraise()
    ~~~~~~~~~~~~~~^^
  File "/home/aaa/miniconda3/envs/kaggle/lib/python3.14/site-packages/torch/_utils.py", line 769, in reraise
    raise exception
TypeError: Caught TypeError in replica 1 on device 1.
Original Traceback (most recent call last):
  File "/home/aaa/miniconda3/envs/kaggle/lib/python3.14/site-packages/torch/nn/parallel/parallel_apply.py", line 99, in _worker
    output = module(*input, **kwargs)
  File "/home/aaa/miniconda3/envs/kaggle/lib/python3.14/site-packages/torch/nn/modules/module.py", line 1775, in _wrapped_call_impl
    return self._call_impl(*args, **kwargs)
           ~~~~~~~~~~~~~~~^^^^^^^^^^^^^^^^^
  File "/home/aaa/miniconda3/envs/kaggle/lib/python3.14/site-packages/torch/nn/modules/module.py", line 1786, in _call_impl
    return forward_call(*args, **kwargs)
TypeError: CrossPVT_T2T_MambaDINO.forward() missing 2 required positional arguments: 'x_left' and 'x_right'

[2025-11-26 07:28:40] INFO - 继续下一个 fold...
[2025-11-26 07:29:00] INFO - ================================================================================
[2025-11-26 07:29:00] INFO - 所有 Folds 训练完成！
[2025-11-26 07:29:00] INFO - ================================================================================
[2025-11-26 08:37:50] INFO - 配置已写入 /home/aaa/Kaggle-Series-Competition/CSIRO-Image2Biomass-Prediction/experiments/v4_crosspvt_t2t_mamba/config.yaml
[2025-11-26 08:37:50] INFO - === 启动 v4 CrossPVT T2T Mamba 训练 ===
[2025-11-26 08:37:50] INFO - 设备: cuda, 混合精度: True
[2025-11-26 08:37:50] INFO - 实验目录: /home/aaa/Kaggle-Series-Competition/CSIRO-Image2Biomass-Prediction/experiments/v4_crosspvt_t2t_mamba
[2025-11-26 08:37:50] INFO - 数据样本: 357
[2025-11-26 08:37:50] INFO - 训练配置: Folds=[0, 1, 2, 3, 4], Resume Mode=auto
[2025-11-26 08:37:50] INFO - ================================================================================
[2025-11-26 08:37:50] INFO - 开始训练 Fold 0/4
[2025-11-26 08:37:50] INFO - ================================================================================
[2025-11-26 08:37:50] INFO - [Fold 0] 训练集: 285 样本 | 验证集: 72 样本
[2025-11-26 08:37:53] INFO - ✅ 使用 DINO 主干: vit_base_patch14_dinov2 | global_pool=token | feat_dim=768 | input_res=518
[2025-11-26 08:37:53] INFO - [Fold 0] Backbone: vit_base_patch14_dinov2 | 输入分辨率: 518
[2025-11-26 08:37:53] INFO - [Fold 0] Params: total=140.55M, trainable=140.55M
[2025-11-26 08:37:53] INFO - [Fold 0] 使用多 GPU (DataParallel)
[2025-11-26 08:37:53] INFO - [Fold 0] 自动检测到 checkpoint: /home/aaa/Kaggle-Series-Competition/CSIRO-Image2Biomass-Prediction/experiments/v4_crosspvt_t2t_mamba/fold_0/checkpoints/last.pt
[2025-11-26 08:37:53] INFO - [Fold 0] 正在加载 checkpoint: /home/aaa/Kaggle-Series-Competition/CSIRO-Image2Biomass-Prediction/experiments/v4_crosspvt_t2t_mamba/fold_0/checkpoints/last.pt
[2025-11-26 08:37:55] INFO - [Fold 0] ✓ 模型权重已加载
[2025-11-26 08:37:55] INFO - [Fold 0] ✓ 已加载历史记录 (60 epochs)
[2025-11-26 08:37:55] INFO - [Fold 0] ⚠️  该 fold 已完成训练 (Epoch 60/60)，跳过训练
[2025-11-26 08:37:55] INFO - [Fold 0] 最佳指标: WR2=0.5788, Loss=263.1820
[2025-11-26 08:37:55] INFO - ✓ Fold 0 训练完成
[2025-11-26 08:37:56] INFO - 等待 3 秒后继续下一个 fold...
[2025-11-26 08:37:59] INFO - ================================================================================
[2025-11-26 08:37:59] INFO - 开始训练 Fold 1/4
[2025-11-26 08:37:59] INFO - ================================================================================
[2025-11-26 08:37:59] INFO - [Fold 1] 训练集: 285 样本 | 验证集: 72 样本
[2025-11-26 08:38:02] INFO - ✅ 使用 DINO 主干: vit_base_patch14_dinov2 | global_pool=token | feat_dim=768 | input_res=518
[2025-11-26 08:38:02] INFO - [Fold 1] Backbone: vit_base_patch14_dinov2 | 输入分辨率: 518
[2025-11-26 08:38:02] INFO - [Fold 1] Params: total=140.55M, trainable=140.55M
[2025-11-26 08:38:02] INFO - [Fold 1] 使用多 GPU (DataParallel)
[2025-11-26 08:38:02] INFO - [Fold 1] 自动检测到 checkpoint: /home/aaa/Kaggle-Series-Competition/CSIRO-Image2Biomass-Prediction/experiments/v4_crosspvt_t2t_mamba/fold_1/checkpoints/last.pt
[2025-11-26 08:38:02] INFO - [Fold 1] 正在加载 checkpoint: /home/aaa/Kaggle-Series-Competition/CSIRO-Image2Biomass-Prediction/experiments/v4_crosspvt_t2t_mamba/fold_1/checkpoints/last.pt
[2025-11-26 08:38:03] INFO - [Fold 1] 检测到非 DataParallel 格式的 checkpoint，正在添加 'module.' 前缀
[2025-11-26 08:38:03] INFO - [Fold 1] ✓ 模型权重已加载
[2025-11-26 08:38:03] INFO - [Fold 1] ✓ 已加载历史记录 (4 epochs)
[2025-11-26 08:38:03] INFO - [Fold 1] ⚠️  该 fold 已完成训练 (Epoch 60/60)，跳过训练
[2025-11-26 08:38:03] INFO - [Fold 1] 最佳指标: WR2=0.5986, Loss=139.6269
[2025-11-26 08:38:04] INFO - ✓ Fold 1 训练完成
[2025-11-26 08:38:04] INFO - 等待 3 秒后继续下一个 fold...
[2025-11-26 08:38:07] INFO - ================================================================================
[2025-11-26 08:38:07] INFO - 开始训练 Fold 2/4
[2025-11-26 08:38:07] INFO - ================================================================================
[2025-11-26 08:38:07] INFO - [Fold 2] 训练集: 286 样本 | 验证集: 71 样本
[2025-11-26 08:38:09] INFO - ✅ 使用 DINO 主干: vit_base_patch14_dinov2 | global_pool=token | feat_dim=768 | input_res=518
[2025-11-26 08:38:10] INFO - [Fold 2] Backbone: vit_base_patch14_dinov2 | 输入分辨率: 518
[2025-11-26 08:38:10] INFO - [Fold 2] Params: total=140.55M, trainable=140.55M
[2025-11-26 08:38:10] INFO - [Fold 2] 使用多 GPU (DataParallel)
[2025-11-26 08:38:10] INFO - [Fold 2] 未找到 checkpoint，从头开始训练
[2025-11-26 08:38:12] INFO - [Fold 2] SwanLab run_id 已保存: hoespfo1urqnevg2x9dqq
[2025-11-26 08:38:12] INFO - [Fold 2] 训练开始，起始 epoch=1，stage=1
[2025-11-26 08:41:32] ERROR - ✗ Fold 2 训练失败: Caught TypeError in replica 1 on device 1.
Original Traceback (most recent call last):
  File "/home/aaa/miniconda3/envs/kaggle/lib/python3.14/site-packages/torch/nn/parallel/parallel_apply.py", line 99, in _worker
    output = module(*input, **kwargs)
  File "/home/aaa/miniconda3/envs/kaggle/lib/python3.14/site-packages/torch/nn/modules/module.py", line 1775, in _wrapped_call_impl
    return self._call_impl(*args, **kwargs)
           ~~~~~~~~~~~~~~~^^^^^^^^^^^^^^^^^
  File "/home/aaa/miniconda3/envs/kaggle/lib/python3.14/site-packages/torch/nn/modules/module.py", line 1786, in _call_impl
    return forward_call(*args, **kwargs)
TypeError: CrossPVT_T2T_MambaDINO.forward() missing 1 required positional argument: 'x_left'
Traceback (most recent call last):
  File "/home/aaa/Kaggle-Series-Competition/CSIRO-Image2Biomass-Prediction/experiments/v4_crosspvt_t2t_mamba/train.py", line 1629, in main
    run_fold(fold, df_wide, CFG.project, resume_path=resume_path, resume_mode=resume_mode)
    ~~~~~~~~^^^^^^^^^^^^^^^^^^^^^^^^^^^^^^^^^^^^^^^^^^^^^^^^^^^^^^^^^^^^^^^^^^^^^^^^^^^^^^
  File "/home/aaa/Kaggle-Series-Competition/CSIRO-Image2Biomass-Prediction/experiments/v4_crosspvt_t2t_mamba/train.py", line 1484, in run_fold
    va_loss, wr2, per_r2, per_mae, per_rmse, y_true, y_pred = validate(
                                                              ~~~~~~~~^
        model, valid_loader, criterion, sw_run=run, epoch_idx=ep, log_images=(ep % CFG.log_image_every == 0)
        ^^^^^^^^^^^^^^^^^^^^^^^^^^^^^^^^^^^^^^^^^^^^^^^^^^^^^^^^^^^^^^^^^^^^^^^^^^^^^^^^^^^^^^^^^^^^^^^^^^^^
    )
    ^
  File "/home/aaa/miniconda3/envs/kaggle/lib/python3.14/site-packages/torch/utils/_contextlib.py", line 120, in decorate_context
    return func(*args, **kwargs)
  File "/home/aaa/Kaggle-Series-Competition/CSIRO-Image2Biomass-Prediction/experiments/v4_crosspvt_t2t_mamba/train.py", line 1097, in validate
    out = model((xl, xr), return_features=log_images and step == 0)
  File "/home/aaa/miniconda3/envs/kaggle/lib/python3.14/site-packages/torch/nn/modules/module.py", line 1775, in _wrapped_call_impl
    return self._call_impl(*args, **kwargs)
           ~~~~~~~~~~~~~~~^^^^^^^^^^^^^^^^^
  File "/home/aaa/miniconda3/envs/kaggle/lib/python3.14/site-packages/torch/nn/modules/module.py", line 1786, in _call_impl
    return forward_call(*args, **kwargs)
  File "/home/aaa/miniconda3/envs/kaggle/lib/python3.14/site-packages/torch/nn/parallel/data_parallel.py", line 194, in forward
    outputs = self.parallel_apply(replicas, inputs, module_kwargs)
  File "/home/aaa/miniconda3/envs/kaggle/lib/python3.14/site-packages/torch/nn/parallel/data_parallel.py", line 213, in parallel_apply
    return parallel_apply(
        replicas, inputs, kwargs, self.device_ids[: len(replicas)]
    )
  File "/home/aaa/miniconda3/envs/kaggle/lib/python3.14/site-packages/torch/nn/parallel/parallel_apply.py", line 129, in parallel_apply
    output.reraise()
    ~~~~~~~~~~~~~~^^
  File "/home/aaa/miniconda3/envs/kaggle/lib/python3.14/site-packages/torch/_utils.py", line 769, in reraise
    raise exception
TypeError: Caught TypeError in replica 1 on device 1.
Original Traceback (most recent call last):
  File "/home/aaa/miniconda3/envs/kaggle/lib/python3.14/site-packages/torch/nn/parallel/parallel_apply.py", line 99, in _worker
    output = module(*input, **kwargs)
  File "/home/aaa/miniconda3/envs/kaggle/lib/python3.14/site-packages/torch/nn/modules/module.py", line 1775, in _wrapped_call_impl
    return self._call_impl(*args, **kwargs)
           ~~~~~~~~~~~~~~~^^^^^^^^^^^^^^^^^
  File "/home/aaa/miniconda3/envs/kaggle/lib/python3.14/site-packages/torch/nn/modules/module.py", line 1786, in _call_impl
    return forward_call(*args, **kwargs)
TypeError: CrossPVT_T2T_MambaDINO.forward() missing 1 required positional argument: 'x_left'

[2025-11-26 08:41:33] INFO - 继续下一个 fold...
[2025-11-26 08:41:53] INFO - 等待 3 秒后继续下一个 fold...
[2025-11-26 08:41:56] INFO - ================================================================================
[2025-11-26 08:41:56] INFO - 开始训练 Fold 3/4
[2025-11-26 08:41:56] INFO - ================================================================================
[2025-11-26 08:41:56] INFO - [Fold 3] 训练集: 286 样本 | 验证集: 71 样本
[2025-11-26 08:41:59] INFO - ✅ 使用 DINO 主干: vit_base_patch14_dinov2 | global_pool=token | feat_dim=768 | input_res=518
[2025-11-26 08:41:59] INFO - [Fold 3] Backbone: vit_base_patch14_dinov2 | 输入分辨率: 518
[2025-11-26 08:41:59] INFO - [Fold 3] Params: total=140.55M, trainable=140.55M
[2025-11-26 08:41:59] INFO - [Fold 3] 使用多 GPU (DataParallel)
[2025-11-26 08:41:59] INFO - [Fold 3] 未找到 checkpoint，从头开始训练
[2025-11-26 08:41:59] INFO - [Fold 3] SwanLab run_id 已保存: hoespfo1urqnevg2x9dqq
[2025-11-26 08:41:59] INFO - [Fold 3] 训练开始，起始 epoch=1，stage=1
[2025-11-26 08:45:24] ERROR - ✗ Fold 3 训练失败: Caught TypeError in replica 1 on device 1.
Original Traceback (most recent call last):
  File "/home/aaa/miniconda3/envs/kaggle/lib/python3.14/site-packages/torch/nn/parallel/parallel_apply.py", line 99, in _worker
    output = module(*input, **kwargs)
  File "/home/aaa/miniconda3/envs/kaggle/lib/python3.14/site-packages/torch/nn/modules/module.py", line 1775, in _wrapped_call_impl
    return self._call_impl(*args, **kwargs)
           ~~~~~~~~~~~~~~~^^^^^^^^^^^^^^^^^
  File "/home/aaa/miniconda3/envs/kaggle/lib/python3.14/site-packages/torch/nn/modules/module.py", line 1786, in _call_impl
    return forward_call(*args, **kwargs)
TypeError: CrossPVT_T2T_MambaDINO.forward() missing 1 required positional argument: 'x_left'
Traceback (most recent call last):
  File "/home/aaa/Kaggle-Series-Competition/CSIRO-Image2Biomass-Prediction/experiments/v4_crosspvt_t2t_mamba/train.py", line 1629, in main
    run_fold(fold, df_wide, CFG.project, resume_path=resume_path, resume_mode=resume_mode)
    ~~~~~~~~^^^^^^^^^^^^^^^^^^^^^^^^^^^^^^^^^^^^^^^^^^^^^^^^^^^^^^^^^^^^^^^^^^^^^^^^^^^^^^
  File "/home/aaa/Kaggle-Series-Competition/CSIRO-Image2Biomass-Prediction/experiments/v4_crosspvt_t2t_mamba/train.py", line 1484, in run_fold
    va_loss, wr2, per_r2, per_mae, per_rmse, y_true, y_pred = validate(
                                                              ~~~~~~~~^
        model, valid_loader, criterion, sw_run=run, epoch_idx=ep, log_images=(ep % CFG.log_image_every == 0)
        ^^^^^^^^^^^^^^^^^^^^^^^^^^^^^^^^^^^^^^^^^^^^^^^^^^^^^^^^^^^^^^^^^^^^^^^^^^^^^^^^^^^^^^^^^^^^^^^^^^^^
    )
    ^
  File "/home/aaa/miniconda3/envs/kaggle/lib/python3.14/site-packages/torch/utils/_contextlib.py", line 120, in decorate_context
    return func(*args, **kwargs)
  File "/home/aaa/Kaggle-Series-Competition/CSIRO-Image2Biomass-Prediction/experiments/v4_crosspvt_t2t_mamba/train.py", line 1097, in validate
    out = model(xl, xr, return_features=log_images and step == 0)
  File "/home/aaa/miniconda3/envs/kaggle/lib/python3.14/site-packages/torch/nn/modules/module.py", line 1775, in _wrapped_call_impl
    return self._call_impl(*args, **kwargs)
           ~~~~~~~~~~~~~~~^^^^^^^^^^^^^^^^^
  File "/home/aaa/miniconda3/envs/kaggle/lib/python3.14/site-packages/torch/nn/modules/module.py", line 1786, in _call_impl
    return forward_call(*args, **kwargs)
  File "/home/aaa/miniconda3/envs/kaggle/lib/python3.14/site-packages/torch/nn/parallel/data_parallel.py", line 194, in forward
    outputs = self.parallel_apply(replicas, inputs, module_kwargs)
  File "/home/aaa/miniconda3/envs/kaggle/lib/python3.14/site-packages/torch/nn/parallel/data_parallel.py", line 213, in parallel_apply
    return parallel_apply(
        replicas, inputs, kwargs, self.device_ids[: len(replicas)]
    )
  File "/home/aaa/miniconda3/envs/kaggle/lib/python3.14/site-packages/torch/nn/parallel/parallel_apply.py", line 129, in parallel_apply
    output.reraise()
    ~~~~~~~~~~~~~~^^
  File "/home/aaa/miniconda3/envs/kaggle/lib/python3.14/site-packages/torch/_utils.py", line 769, in reraise
    raise exception
TypeError: Caught TypeError in replica 1 on device 1.
Original Traceback (most recent call last):
  File "/home/aaa/miniconda3/envs/kaggle/lib/python3.14/site-packages/torch/nn/parallel/parallel_apply.py", line 99, in _worker
    output = module(*input, **kwargs)
  File "/home/aaa/miniconda3/envs/kaggle/lib/python3.14/site-packages/torch/nn/modules/module.py", line 1775, in _wrapped_call_impl
    return self._call_impl(*args, **kwargs)
           ~~~~~~~~~~~~~~~^^^^^^^^^^^^^^^^^
  File "/home/aaa/miniconda3/envs/kaggle/lib/python3.14/site-packages/torch/nn/modules/module.py", line 1786, in _call_impl
    return forward_call(*args, **kwargs)
TypeError: CrossPVT_T2T_MambaDINO.forward() missing 1 required positional argument: 'x_left'

[2025-11-26 08:45:24] INFO - 继续下一个 fold...
[2025-11-26 08:45:44] INFO - 等待 3 秒后继续下一个 fold...
[2025-11-26 08:45:47] INFO - ================================================================================
[2025-11-26 08:45:47] INFO - 开始训练 Fold 4/4
[2025-11-26 08:45:47] INFO - ================================================================================
[2025-11-26 08:45:48] INFO - [Fold 4] 训练集: 286 样本 | 验证集: 71 样本
[2025-11-26 08:45:50] INFO - ✅ 使用 DINO 主干: vit_base_patch14_dinov2 | global_pool=token | feat_dim=768 | input_res=518
[2025-11-26 08:45:51] INFO - [Fold 4] Backbone: vit_base_patch14_dinov2 | 输入分辨率: 518
[2025-11-26 08:45:51] INFO - [Fold 4] Params: total=140.55M, trainable=140.55M
[2025-11-26 08:45:51] INFO - [Fold 4] 使用多 GPU (DataParallel)
[2025-11-26 08:45:51] INFO - [Fold 4] 未找到 checkpoint，从头开始训练
[2025-11-26 08:45:51] INFO - [Fold 4] SwanLab run_id 已保存: hoespfo1urqnevg2x9dqq
[2025-11-26 08:45:51] INFO - [Fold 4] 训练开始，起始 epoch=1，stage=1
[2025-11-26 08:49:14] ERROR - ✗ Fold 4 训练失败: Caught TypeError in replica 1 on device 1.
Original Traceback (most recent call last):
  File "/home/aaa/miniconda3/envs/kaggle/lib/python3.14/site-packages/torch/nn/parallel/parallel_apply.py", line 99, in _worker
    output = module(*input, **kwargs)
  File "/home/aaa/miniconda3/envs/kaggle/lib/python3.14/site-packages/torch/nn/modules/module.py", line 1775, in _wrapped_call_impl
    return self._call_impl(*args, **kwargs)
           ~~~~~~~~~~~~~~~^^^^^^^^^^^^^^^^^
  File "/home/aaa/miniconda3/envs/kaggle/lib/python3.14/site-packages/torch/nn/modules/module.py", line 1786, in _call_impl
    return forward_call(*args, **kwargs)
TypeError: CrossPVT_T2T_MambaDINO.forward() missing 1 required positional argument: 'x_left'
Traceback (most recent call last):
  File "/home/aaa/Kaggle-Series-Competition/CSIRO-Image2Biomass-Prediction/experiments/v4_crosspvt_t2t_mamba/train.py", line 1629, in main
    run_fold(fold, df_wide, CFG.project, resume_path=resume_path, resume_mode=resume_mode)
    ~~~~~~~~^^^^^^^^^^^^^^^^^^^^^^^^^^^^^^^^^^^^^^^^^^^^^^^^^^^^^^^^^^^^^^^^^^^^^^^^^^^^^^
  File "/home/aaa/Kaggle-Series-Competition/CSIRO-Image2Biomass-Prediction/experiments/v4_crosspvt_t2t_mamba/train.py", line 1484, in run_fold
    va_loss, wr2, per_r2, per_mae, per_rmse, y_true, y_pred = validate(
                                                              ~~~~~~~~^
        model, valid_loader, criterion, sw_run=run, epoch_idx=ep, log_images=(ep % CFG.log_image_every == 0)
        ^^^^^^^^^^^^^^^^^^^^^^^^^^^^^^^^^^^^^^^^^^^^^^^^^^^^^^^^^^^^^^^^^^^^^^^^^^^^^^^^^^^^^^^^^^^^^^^^^^^^
    )
    ^
  File "/home/aaa/miniconda3/envs/kaggle/lib/python3.14/site-packages/torch/utils/_contextlib.py", line 120, in decorate_context
    return func(*args, **kwargs)
  File "/home/aaa/Kaggle-Series-Competition/CSIRO-Image2Biomass-Prediction/experiments/v4_crosspvt_t2t_mamba/train.py", line 1097, in validate
    out = model(xl, xr, return_features=log_images and step == 0)
  File "/home/aaa/miniconda3/envs/kaggle/lib/python3.14/site-packages/torch/nn/modules/module.py", line 1775, in _wrapped_call_impl
    return self._call_impl(*args, **kwargs)
           ~~~~~~~~~~~~~~~^^^^^^^^^^^^^^^^^
  File "/home/aaa/miniconda3/envs/kaggle/lib/python3.14/site-packages/torch/nn/modules/module.py", line 1786, in _call_impl
    return forward_call(*args, **kwargs)
  File "/home/aaa/miniconda3/envs/kaggle/lib/python3.14/site-packages/torch/nn/parallel/data_parallel.py", line 194, in forward
    outputs = self.parallel_apply(replicas, inputs, module_kwargs)
  File "/home/aaa/miniconda3/envs/kaggle/lib/python3.14/site-packages/torch/nn/parallel/data_parallel.py", line 213, in parallel_apply
    return parallel_apply(
        replicas, inputs, kwargs, self.device_ids[: len(replicas)]
    )
  File "/home/aaa/miniconda3/envs/kaggle/lib/python3.14/site-packages/torch/nn/parallel/parallel_apply.py", line 129, in parallel_apply
    output.reraise()
    ~~~~~~~~~~~~~~^^
  File "/home/aaa/miniconda3/envs/kaggle/lib/python3.14/site-packages/torch/_utils.py", line 769, in reraise
    raise exception
TypeError: Caught TypeError in replica 1 on device 1.
Original Traceback (most recent call last):
  File "/home/aaa/miniconda3/envs/kaggle/lib/python3.14/site-packages/torch/nn/parallel/parallel_apply.py", line 99, in _worker
    output = module(*input, **kwargs)
  File "/home/aaa/miniconda3/envs/kaggle/lib/python3.14/site-packages/torch/nn/modules/module.py", line 1775, in _wrapped_call_impl
    return self._call_impl(*args, **kwargs)
           ~~~~~~~~~~~~~~~^^^^^^^^^^^^^^^^^
  File "/home/aaa/miniconda3/envs/kaggle/lib/python3.14/site-packages/torch/nn/modules/module.py", line 1786, in _call_impl
    return forward_call(*args, **kwargs)
TypeError: CrossPVT_T2T_MambaDINO.forward() missing 1 required positional argument: 'x_left'

[2025-11-26 08:49:14] INFO - 继续下一个 fold...
[2025-11-26 08:49:34] INFO - ================================================================================
[2025-11-26 08:49:34] INFO - 所有 Folds 训练完成！
[2025-11-26 08:49:34] INFO - ================================================================================
[2025-11-26 08:54:58] INFO - 配置已写入 /home/aaa/Kaggle-Series-Competition/CSIRO-Image2Biomass-Prediction/experiments/v4_crosspvt_t2t_mamba/config.yaml
[2025-11-26 08:54:58] INFO - === 启动 v4 CrossPVT T2T Mamba 训练 ===
[2025-11-26 08:54:58] INFO - 设备: cuda, 混合精度: True
[2025-11-26 08:54:58] INFO - 实验目录: /home/aaa/Kaggle-Series-Competition/CSIRO-Image2Biomass-Prediction/experiments/v4_crosspvt_t2t_mamba
[2025-11-26 08:54:58] INFO - 数据样本: 357
[2025-11-26 08:54:58] INFO - 训练配置: Folds=[0, 1, 2, 3, 4], Resume Mode=auto
[2025-11-26 08:54:58] INFO - ================================================================================
[2025-11-26 08:54:58] INFO - 开始训练 Fold 0/4
[2025-11-26 08:54:58] INFO - ================================================================================
[2025-11-26 08:54:58] INFO - [Fold 0] 训练集: 285 样本 | 验证集: 72 样本
[2025-11-26 08:55:01] INFO - ✅ 使用 DINO 主干: vit_base_patch14_dinov2 | global_pool=token | feat_dim=768 | input_res=518
[2025-11-26 08:55:01] INFO - [Fold 0] Backbone: vit_base_patch14_dinov2 | 输入分辨率: 518
[2025-11-26 08:55:01] INFO - [Fold 0] Params: total=140.55M, trainable=140.55M
[2025-11-26 08:55:02] INFO - [Fold 0] 使用多 GPU (DataParallel)
[2025-11-26 08:55:02] INFO - [Fold 0] 自动检测到 checkpoint: /home/aaa/Kaggle-Series-Competition/CSIRO-Image2Biomass-Prediction/experiments/v4_crosspvt_t2t_mamba/fold_0/checkpoints/last.pt
[2025-11-26 08:55:02] INFO - [Fold 0] 正在加载 checkpoint: /home/aaa/Kaggle-Series-Competition/CSIRO-Image2Biomass-Prediction/experiments/v4_crosspvt_t2t_mamba/fold_0/checkpoints/last.pt
[2025-11-26 08:55:03] INFO - [Fold 0] ✓ 模型权重已加载
[2025-11-26 08:55:03] INFO - [Fold 0] ✓ 已加载历史记录 (60 epochs)
[2025-11-26 08:55:03] INFO - [Fold 0] ⚠️  该 fold 已完成训练 (Epoch 60/60)，跳过训练
[2025-11-26 08:55:03] INFO - [Fold 0] 最佳指标: WR2=0.5788, Loss=263.1820
[2025-11-26 08:55:03] INFO - ✓ Fold 0 训练完成
[2025-11-26 08:55:04] INFO - 等待 3 秒后继续下一个 fold...
[2025-11-26 08:55:07] INFO - ================================================================================
[2025-11-26 08:55:07] INFO - 开始训练 Fold 1/4
[2025-11-26 08:55:07] INFO - ================================================================================
[2025-11-26 08:55:07] INFO - [Fold 1] 训练集: 285 样本 | 验证集: 72 样本
[2025-11-26 08:55:09] INFO - ✅ 使用 DINO 主干: vit_base_patch14_dinov2 | global_pool=token | feat_dim=768 | input_res=518
[2025-11-26 08:55:10] INFO - [Fold 1] Backbone: vit_base_patch14_dinov2 | 输入分辨率: 518
[2025-11-26 08:55:10] INFO - [Fold 1] Params: total=140.55M, trainable=140.55M
[2025-11-26 08:55:10] INFO - [Fold 1] 使用多 GPU (DataParallel)
[2025-11-26 08:55:10] INFO - [Fold 1] 自动检测到 checkpoint: /home/aaa/Kaggle-Series-Competition/CSIRO-Image2Biomass-Prediction/experiments/v4_crosspvt_t2t_mamba/fold_1/checkpoints/last.pt
[2025-11-26 08:55:10] INFO - [Fold 1] 正在加载 checkpoint: /home/aaa/Kaggle-Series-Competition/CSIRO-Image2Biomass-Prediction/experiments/v4_crosspvt_t2t_mamba/fold_1/checkpoints/last.pt
[2025-11-26 08:55:11] INFO - [Fold 1] 检测到非 DataParallel 格式的 checkpoint，正在添加 'module.' 前缀
[2025-11-26 08:55:11] INFO - [Fold 1] ✓ 模型权重已加载
[2025-11-26 08:55:11] INFO - [Fold 1] ✓ 已加载历史记录 (4 epochs)
[2025-11-26 08:55:11] INFO - [Fold 1] ⚠️  该 fold 已完成训练 (Epoch 60/60)，跳过训练
[2025-11-26 08:55:11] INFO - [Fold 1] 最佳指标: WR2=0.5986, Loss=139.6269
[2025-11-26 08:55:11] INFO - ✓ Fold 1 训练完成
[2025-11-26 08:55:11] INFO - 等待 3 秒后继续下一个 fold...
[2025-11-26 08:55:14] INFO - ================================================================================
[2025-11-26 08:55:14] INFO - 开始训练 Fold 2/4
[2025-11-26 08:55:14] INFO - ================================================================================
[2025-11-26 08:55:14] INFO - [Fold 2] 训练集: 286 样本 | 验证集: 71 样本
[2025-11-26 08:55:17] INFO - ✅ 使用 DINO 主干: vit_base_patch14_dinov2 | global_pool=token | feat_dim=768 | input_res=518
[2025-11-26 08:55:17] INFO - [Fold 2] Backbone: vit_base_patch14_dinov2 | 输入分辨率: 518
[2025-11-26 08:55:17] INFO - [Fold 2] Params: total=140.55M, trainable=140.55M
[2025-11-26 08:55:17] INFO - [Fold 2] 使用多 GPU (DataParallel)
[2025-11-26 08:55:17] INFO - [Fold 2] 未找到 checkpoint，从头开始训练
[2025-11-26 08:55:20] INFO - [Fold 2] SwanLab run_id 已保存: d2cpo6zn0b5geecuxcd9d
[2025-11-26 08:55:20] INFO - [Fold 2] 训练开始，起始 epoch=1，stage=1
[2025-11-26 08:58:40] ERROR - ✗ Fold 2 训练失败: Caught TypeError in replica 1 on device 1.
Original Traceback (most recent call last):
  File "/home/aaa/miniconda3/envs/kaggle/lib/python3.14/site-packages/torch/nn/parallel/parallel_apply.py", line 99, in _worker
    output = module(*input, **kwargs)
  File "/home/aaa/miniconda3/envs/kaggle/lib/python3.14/site-packages/torch/nn/modules/module.py", line 1775, in _wrapped_call_impl
    return self._call_impl(*args, **kwargs)
           ~~~~~~~~~~~~~~~^^^^^^^^^^^^^^^^^
  File "/home/aaa/miniconda3/envs/kaggle/lib/python3.14/site-packages/torch/nn/modules/module.py", line 1786, in _call_impl
    return forward_call(*args, **kwargs)
TypeError: CrossPVT_T2T_MambaDINO.forward() missing 1 required positional argument: 'x_left'
Traceback (most recent call last):
  File "/home/aaa/Kaggle-Series-Competition/CSIRO-Image2Biomass-Prediction/experiments/v4_crosspvt_t2t_mamba/train.py", line 1629, in main
    run_fold(fold, df_wide, CFG.project, resume_path=resume_path, resume_mode=resume_mode)
    ~~~~~~~~^^^^^^^^^^^^^^^^^^^^^^^^^^^^^^^^^^^^^^^^^^^^^^^^^^^^^^^^^^^^^^^^^^^^^^^^^^^^^^
  File "/home/aaa/Kaggle-Series-Competition/CSIRO-Image2Biomass-Prediction/experiments/v4_crosspvt_t2t_mamba/train.py", line 1484, in run_fold
    va_loss, wr2, per_r2, per_mae, per_rmse, y_true, y_pred = validate(
                                                              ~~~~~~~~^
        model, valid_loader, criterion, sw_run=run, epoch_idx=ep, log_images=(ep % CFG.log_image_every == 0)
        ^^^^^^^^^^^^^^^^^^^^^^^^^^^^^^^^^^^^^^^^^^^^^^^^^^^^^^^^^^^^^^^^^^^^^^^^^^^^^^^^^^^^^^^^^^^^^^^^^^^^
    )
    ^
  File "/home/aaa/miniconda3/envs/kaggle/lib/python3.14/site-packages/torch/utils/_contextlib.py", line 120, in decorate_context
    return func(*args, **kwargs)
  File "/home/aaa/Kaggle-Series-Competition/CSIRO-Image2Biomass-Prediction/experiments/v4_crosspvt_t2t_mamba/train.py", line 1097, in validate
    out = model(xl, xr, return_features=log_images and step == 0)
  File "/home/aaa/miniconda3/envs/kaggle/lib/python3.14/site-packages/torch/nn/modules/module.py", line 1775, in _wrapped_call_impl
    return self._call_impl(*args, **kwargs)
           ~~~~~~~~~~~~~~~^^^^^^^^^^^^^^^^^
  File "/home/aaa/miniconda3/envs/kaggle/lib/python3.14/site-packages/torch/nn/modules/module.py", line 1786, in _call_impl
    return forward_call(*args, **kwargs)
  File "/home/aaa/miniconda3/envs/kaggle/lib/python3.14/site-packages/torch/nn/parallel/data_parallel.py", line 194, in forward
    outputs = self.parallel_apply(replicas, inputs, module_kwargs)
  File "/home/aaa/miniconda3/envs/kaggle/lib/python3.14/site-packages/torch/nn/parallel/data_parallel.py", line 213, in parallel_apply
    return parallel_apply(
        replicas, inputs, kwargs, self.device_ids[: len(replicas)]
    )
  File "/home/aaa/miniconda3/envs/kaggle/lib/python3.14/site-packages/torch/nn/parallel/parallel_apply.py", line 129, in parallel_apply
    output.reraise()
    ~~~~~~~~~~~~~~^^
  File "/home/aaa/miniconda3/envs/kaggle/lib/python3.14/site-packages/torch/_utils.py", line 769, in reraise
    raise exception
TypeError: Caught TypeError in replica 1 on device 1.
Original Traceback (most recent call last):
  File "/home/aaa/miniconda3/envs/kaggle/lib/python3.14/site-packages/torch/nn/parallel/parallel_apply.py", line 99, in _worker
    output = module(*input, **kwargs)
  File "/home/aaa/miniconda3/envs/kaggle/lib/python3.14/site-packages/torch/nn/modules/module.py", line 1775, in _wrapped_call_impl
    return self._call_impl(*args, **kwargs)
           ~~~~~~~~~~~~~~~^^^^^^^^^^^^^^^^^
  File "/home/aaa/miniconda3/envs/kaggle/lib/python3.14/site-packages/torch/nn/modules/module.py", line 1786, in _call_impl
    return forward_call(*args, **kwargs)
TypeError: CrossPVT_T2T_MambaDINO.forward() missing 1 required positional argument: 'x_left'

[2025-11-26 08:58:40] INFO - 继续下一个 fold...
[2025-11-26 08:59:01] INFO - 等待 3 秒后继续下一个 fold...
[2025-11-26 08:59:04] INFO - ================================================================================
[2025-11-26 08:59:04] INFO - 开始训练 Fold 3/4
[2025-11-26 08:59:04] INFO - ================================================================================
[2025-11-26 08:59:04] INFO - [Fold 3] 训练集: 286 样本 | 验证集: 71 样本
[2025-11-26 08:59:07] INFO - ✅ 使用 DINO 主干: vit_base_patch14_dinov2 | global_pool=token | feat_dim=768 | input_res=518
[2025-11-26 08:59:07] INFO - [Fold 3] Backbone: vit_base_patch14_dinov2 | 输入分辨率: 518
[2025-11-26 08:59:07] INFO - [Fold 3] Params: total=140.55M, trainable=140.55M
[2025-11-26 08:59:07] INFO - [Fold 3] 使用多 GPU (DataParallel)
[2025-11-26 08:59:07] INFO - [Fold 3] 未找到 checkpoint，从头开始训练
[2025-11-26 08:59:07] INFO - [Fold 3] SwanLab run_id 已保存: d2cpo6zn0b5geecuxcd9d
[2025-11-26 08:59:07] INFO - [Fold 3] 训练开始，起始 epoch=1，stage=1
[2025-11-26 09:02:33] ERROR - ✗ Fold 3 训练失败: Caught TypeError in replica 1 on device 1.
Original Traceback (most recent call last):
  File "/home/aaa/miniconda3/envs/kaggle/lib/python3.14/site-packages/torch/nn/parallel/parallel_apply.py", line 99, in _worker
    output = module(*input, **kwargs)
  File "/home/aaa/miniconda3/envs/kaggle/lib/python3.14/site-packages/torch/nn/modules/module.py", line 1775, in _wrapped_call_impl
    return self._call_impl(*args, **kwargs)
           ~~~~~~~~~~~~~~~^^^^^^^^^^^^^^^^^
  File "/home/aaa/miniconda3/envs/kaggle/lib/python3.14/site-packages/torch/nn/modules/module.py", line 1786, in _call_impl
    return forward_call(*args, **kwargs)
TypeError: CrossPVT_T2T_MambaDINO.forward() missing 1 required positional argument: 'x_left'
Traceback (most recent call last):
  File "/home/aaa/Kaggle-Series-Competition/CSIRO-Image2Biomass-Prediction/experiments/v4_crosspvt_t2t_mamba/train.py", line 1629, in main
    run_fold(fold, df_wide, CFG.project, resume_path=resume_path, resume_mode=resume_mode)
    ~~~~~~~~^^^^^^^^^^^^^^^^^^^^^^^^^^^^^^^^^^^^^^^^^^^^^^^^^^^^^^^^^^^^^^^^^^^^^^^^^^^^^^
  File "/home/aaa/Kaggle-Series-Competition/CSIRO-Image2Biomass-Prediction/experiments/v4_crosspvt_t2t_mamba/train.py", line 1484, in run_fold
    va_loss, wr2, per_r2, per_mae, per_rmse, y_true, y_pred = validate(
                                                              ~~~~~~~~^
        model, valid_loader, criterion, sw_run=run, epoch_idx=ep, log_images=(ep % CFG.log_image_every == 0)
        ^^^^^^^^^^^^^^^^^^^^^^^^^^^^^^^^^^^^^^^^^^^^^^^^^^^^^^^^^^^^^^^^^^^^^^^^^^^^^^^^^^^^^^^^^^^^^^^^^^^^
    )
    ^
  File "/home/aaa/miniconda3/envs/kaggle/lib/python3.14/site-packages/torch/utils/_contextlib.py", line 120, in decorate_context
    return func(*args, **kwargs)
  File "/home/aaa/Kaggle-Series-Competition/CSIRO-Image2Biomass-Prediction/experiments/v4_crosspvt_t2t_mamba/train.py", line 1097, in validate
    out = model(xl, xr, return_features=log_images and step == 0)
  File "/home/aaa/miniconda3/envs/kaggle/lib/python3.14/site-packages/torch/nn/modules/module.py", line 1775, in _wrapped_call_impl
    return self._call_impl(*args, **kwargs)
           ~~~~~~~~~~~~~~~^^^^^^^^^^^^^^^^^
  File "/home/aaa/miniconda3/envs/kaggle/lib/python3.14/site-packages/torch/nn/modules/module.py", line 1786, in _call_impl
    return forward_call(*args, **kwargs)
  File "/home/aaa/miniconda3/envs/kaggle/lib/python3.14/site-packages/torch/nn/parallel/data_parallel.py", line 194, in forward
    outputs = self.parallel_apply(replicas, inputs, module_kwargs)
  File "/home/aaa/miniconda3/envs/kaggle/lib/python3.14/site-packages/torch/nn/parallel/data_parallel.py", line 213, in parallel_apply
    return parallel_apply(
        replicas, inputs, kwargs, self.device_ids[: len(replicas)]
    )
  File "/home/aaa/miniconda3/envs/kaggle/lib/python3.14/site-packages/torch/nn/parallel/parallel_apply.py", line 129, in parallel_apply
    output.reraise()
    ~~~~~~~~~~~~~~^^
  File "/home/aaa/miniconda3/envs/kaggle/lib/python3.14/site-packages/torch/_utils.py", line 769, in reraise
    raise exception
TypeError: Caught TypeError in replica 1 on device 1.
Original Traceback (most recent call last):
  File "/home/aaa/miniconda3/envs/kaggle/lib/python3.14/site-packages/torch/nn/parallel/parallel_apply.py", line 99, in _worker
    output = module(*input, **kwargs)
  File "/home/aaa/miniconda3/envs/kaggle/lib/python3.14/site-packages/torch/nn/modules/module.py", line 1775, in _wrapped_call_impl
    return self._call_impl(*args, **kwargs)
           ~~~~~~~~~~~~~~~^^^^^^^^^^^^^^^^^
  File "/home/aaa/miniconda3/envs/kaggle/lib/python3.14/site-packages/torch/nn/modules/module.py", line 1786, in _call_impl
    return forward_call(*args, **kwargs)
TypeError: CrossPVT_T2T_MambaDINO.forward() missing 1 required positional argument: 'x_left'

[2025-11-26 09:02:33] INFO - 继续下一个 fold...
[2025-11-26 09:02:54] INFO - 等待 3 秒后继续下一个 fold...
[2025-11-26 09:02:57] INFO - ================================================================================
[2025-11-26 09:02:57] INFO - 开始训练 Fold 4/4
[2025-11-26 09:02:57] INFO - ================================================================================
[2025-11-26 09:02:57] INFO - [Fold 4] 训练集: 286 样本 | 验证集: 71 样本
[2025-11-26 09:02:58] WARNING - Fold 4 训练被用户中断
[2025-11-26 09:04:21] INFO - 配置已写入 /home/aaa/Kaggle-Series-Competition/CSIRO-Image2Biomass-Prediction/experiments/v4_crosspvt_t2t_mamba/config.yaml
[2025-11-26 09:04:21] INFO - === 启动 v4 CrossPVT T2T Mamba 训练 ===
[2025-11-26 09:04:21] INFO - 设备: cuda, 混合精度: True
[2025-11-26 09:04:21] INFO - 实验目录: /home/aaa/Kaggle-Series-Competition/CSIRO-Image2Biomass-Prediction/experiments/v4_crosspvt_t2t_mamba
[2025-11-26 09:04:21] INFO - 数据样本: 357
[2025-11-26 09:04:21] INFO - 训练配置: Folds=[0, 1, 2, 3, 4], Resume Mode=auto
[2025-11-26 09:04:21] INFO - ================================================================================
[2025-11-26 09:04:21] INFO - 开始训练 Fold 0/4
[2025-11-26 09:04:21] INFO - ================================================================================
[2025-11-26 09:04:21] INFO - [Fold 0] 训练集: 285 样本 | 验证集: 72 样本
[2025-11-26 09:04:24] INFO - ✅ 使用 DINO 主干: vit_base_patch14_dinov2 | global_pool=token | feat_dim=768 | input_res=518
[2025-11-26 09:04:24] INFO - [Fold 0] Backbone: vit_base_patch14_dinov2 | 输入分辨率: 518
[2025-11-26 09:04:24] INFO - [Fold 0] Params: total=140.55M, trainable=140.55M
[2025-11-26 09:04:25] INFO - [Fold 0] 使用多 GPU (DataParallel)
[2025-11-26 09:04:25] INFO - [Fold 0] 自动检测到 checkpoint: /home/aaa/Kaggle-Series-Competition/CSIRO-Image2Biomass-Prediction/experiments/v4_crosspvt_t2t_mamba/fold_0/checkpoints/last.pt
[2025-11-26 09:04:25] INFO - [Fold 0] 正在加载 checkpoint: /home/aaa/Kaggle-Series-Competition/CSIRO-Image2Biomass-Prediction/experiments/v4_crosspvt_t2t_mamba/fold_0/checkpoints/last.pt
[2025-11-26 09:04:26] INFO - [Fold 0] ✓ 模型权重已加载
[2025-11-26 09:04:26] INFO - [Fold 0] ✓ 已加载历史记录 (60 epochs)
[2025-11-26 09:04:26] INFO - [Fold 0] ⚠️  该 fold 已完成训练 (Epoch 60/60)，跳过训练
[2025-11-26 09:04:26] INFO - [Fold 0] 最佳指标: WR2=0.5788, Loss=263.1820
[2025-11-26 09:04:26] INFO - ✓ Fold 0 训练完成
[2025-11-26 09:04:26] INFO - 等待 3 秒后继续下一个 fold...
[2025-11-26 09:04:29] INFO - ================================================================================
[2025-11-26 09:04:29] INFO - 开始训练 Fold 1/4
[2025-11-26 09:04:29] INFO - ================================================================================
[2025-11-26 09:04:29] INFO - [Fold 1] 训练集: 285 样本 | 验证集: 72 样本
[2025-11-26 09:04:32] INFO - ✅ 使用 DINO 主干: vit_base_patch14_dinov2 | global_pool=token | feat_dim=768 | input_res=518
[2025-11-26 09:04:33] INFO - [Fold 1] Backbone: vit_base_patch14_dinov2 | 输入分辨率: 518
[2025-11-26 09:04:33] INFO - [Fold 1] Params: total=140.55M, trainable=140.55M
[2025-11-26 09:04:33] INFO - [Fold 1] 使用多 GPU (DataParallel)
[2025-11-26 09:04:33] INFO - [Fold 1] 自动检测到 checkpoint: /home/aaa/Kaggle-Series-Competition/CSIRO-Image2Biomass-Prediction/experiments/v4_crosspvt_t2t_mamba/fold_1/checkpoints/last.pt
[2025-11-26 09:04:33] INFO - [Fold 1] 正在加载 checkpoint: /home/aaa/Kaggle-Series-Competition/CSIRO-Image2Biomass-Prediction/experiments/v4_crosspvt_t2t_mamba/fold_1/checkpoints/last.pt
[2025-11-26 09:04:34] INFO - [Fold 1] 检测到非 DataParallel 格式的 checkpoint，正在添加 'module.' 前缀
[2025-11-26 09:04:34] INFO - [Fold 1] ✓ 模型权重已加载
[2025-11-26 09:04:34] INFO - [Fold 1] ✓ 已加载历史记录 (4 epochs)
[2025-11-26 09:04:34] INFO - [Fold 1] ⚠️  该 fold 已完成训练 (Epoch 60/60)，跳过训练
[2025-11-26 09:04:34] INFO - [Fold 1] 最佳指标: WR2=0.5986, Loss=139.6269
[2025-11-26 09:04:34] INFO - ✓ Fold 1 训练完成
[2025-11-26 09:04:34] INFO - 等待 3 秒后继续下一个 fold...
[2025-11-26 09:04:37] INFO - ================================================================================
[2025-11-26 09:04:37] INFO - 开始训练 Fold 2/4
[2025-11-26 09:04:37] INFO - ================================================================================
[2025-11-26 09:04:37] INFO - [Fold 2] 训练集: 286 样本 | 验证集: 71 样本
[2025-11-26 09:04:40] INFO - ✅ 使用 DINO 主干: vit_base_patch14_dinov2 | global_pool=token | feat_dim=768 | input_res=518
[2025-11-26 09:04:40] INFO - [Fold 2] Backbone: vit_base_patch14_dinov2 | 输入分辨率: 518
[2025-11-26 09:04:40] INFO - [Fold 2] Params: total=140.55M, trainable=140.55M
[2025-11-26 09:04:41] INFO - [Fold 2] 使用多 GPU (DataParallel)
[2025-11-26 09:04:41] INFO - [Fold 2] 未找到 checkpoint，从头开始训练
[2025-11-26 09:04:47] INFO - [Fold 2] SwanLab run_id 已保存: 4vd3wfz4vwkpo4ma8w9ua
[2025-11-26 09:04:47] INFO - [Fold 2] 训练开始，起始 epoch=1，stage=1
[2025-11-26 09:08:11] ERROR - ✗ Fold 2 训练失败: Caught TypeError in replica 1 on device 1.
Original Traceback (most recent call last):
  File "/home/aaa/miniconda3/envs/kaggle/lib/python3.14/site-packages/torch/nn/parallel/parallel_apply.py", line 99, in _worker
    output = module(*input, **kwargs)
  File "/home/aaa/miniconda3/envs/kaggle/lib/python3.14/site-packages/torch/nn/modules/module.py", line 1775, in _wrapped_call_impl
    return self._call_impl(*args, **kwargs)
           ~~~~~~~~~~~~~~~^^^^^^^^^^^^^^^^^
  File "/home/aaa/miniconda3/envs/kaggle/lib/python3.14/site-packages/torch/nn/modules/module.py", line 1786, in _call_impl
    return forward_call(*args, **kwargs)
TypeError: CrossPVT_T2T_MambaDINO.forward() missing 1 required positional argument: 'x_left'
Traceback (most recent call last):
  File "/home/aaa/Kaggle-Series-Competition/CSIRO-Image2Biomass-Prediction/experiments/v4_crosspvt_t2t_mamba/train.py", line 1636, in main
    run_fold(fold, df_wide, CFG.project, resume_path=resume_path, resume_mode=resume_mode)
    ~~~~~~~~^^^^^^^^^^^^^^^^^^^^^^^^^^^^^^^^^^^^^^^^^^^^^^^^^^^^^^^^^^^^^^^^^^^^^^^^^^^^^^
  File "/home/aaa/Kaggle-Series-Competition/CSIRO-Image2Biomass-Prediction/experiments/v4_crosspvt_t2t_mamba/train.py", line 1491, in run_fold
    va_loss, wr2, per_r2, per_mae, per_rmse, y_true, y_pred = validate(
                                                              ~~~~~~~~^
        model, valid_loader, criterion, sw_run=run, epoch_idx=ep, log_images=(ep % CFG.log_image_every == 0)
        ^^^^^^^^^^^^^^^^^^^^^^^^^^^^^^^^^^^^^^^^^^^^^^^^^^^^^^^^^^^^^^^^^^^^^^^^^^^^^^^^^^^^^^^^^^^^^^^^^^^^
    )
    ^
  File "/home/aaa/miniconda3/envs/kaggle/lib/python3.14/site-packages/torch/utils/_contextlib.py", line 120, in decorate_context
    return func(*args, **kwargs)
  File "/home/aaa/Kaggle-Series-Competition/CSIRO-Image2Biomass-Prediction/experiments/v4_crosspvt_t2t_mamba/train.py", line 1104, in validate
    out = model(x_cat, return_features=log_images and step == 0)
  File "/home/aaa/miniconda3/envs/kaggle/lib/python3.14/site-packages/torch/nn/modules/module.py", line 1775, in _wrapped_call_impl
    return self._call_impl(*args, **kwargs)
           ~~~~~~~~~~~~~~~^^^^^^^^^^^^^^^^^
  File "/home/aaa/miniconda3/envs/kaggle/lib/python3.14/site-packages/torch/nn/modules/module.py", line 1786, in _call_impl
    return forward_call(*args, **kwargs)
  File "/home/aaa/miniconda3/envs/kaggle/lib/python3.14/site-packages/torch/nn/parallel/data_parallel.py", line 194, in forward
    outputs = self.parallel_apply(replicas, inputs, module_kwargs)
  File "/home/aaa/miniconda3/envs/kaggle/lib/python3.14/site-packages/torch/nn/parallel/data_parallel.py", line 213, in parallel_apply
    return parallel_apply(
        replicas, inputs, kwargs, self.device_ids[: len(replicas)]
    )
  File "/home/aaa/miniconda3/envs/kaggle/lib/python3.14/site-packages/torch/nn/parallel/parallel_apply.py", line 129, in parallel_apply
    output.reraise()
    ~~~~~~~~~~~~~~^^
  File "/home/aaa/miniconda3/envs/kaggle/lib/python3.14/site-packages/torch/_utils.py", line 769, in reraise
    raise exception
TypeError: Caught TypeError in replica 1 on device 1.
Original Traceback (most recent call last):
  File "/home/aaa/miniconda3/envs/kaggle/lib/python3.14/site-packages/torch/nn/parallel/parallel_apply.py", line 99, in _worker
    output = module(*input, **kwargs)
  File "/home/aaa/miniconda3/envs/kaggle/lib/python3.14/site-packages/torch/nn/modules/module.py", line 1775, in _wrapped_call_impl
    return self._call_impl(*args, **kwargs)
           ~~~~~~~~~~~~~~~^^^^^^^^^^^^^^^^^
  File "/home/aaa/miniconda3/envs/kaggle/lib/python3.14/site-packages/torch/nn/modules/module.py", line 1786, in _call_impl
    return forward_call(*args, **kwargs)
TypeError: CrossPVT_T2T_MambaDINO.forward() missing 1 required positional argument: 'x_left'

[2025-11-26 09:08:11] INFO - 继续下一个 fold...
[2025-11-26 09:08:32] INFO - 等待 3 秒后继续下一个 fold...
[2025-11-26 09:08:35] INFO - ================================================================================
[2025-11-26 09:08:35] INFO - 开始训练 Fold 3/4
[2025-11-26 09:08:35] INFO - ================================================================================
[2025-11-26 09:08:35] INFO - [Fold 3] 训练集: 286 样本 | 验证集: 71 样本
[2025-11-26 09:08:38] INFO - ✅ 使用 DINO 主干: vit_base_patch14_dinov2 | global_pool=token | feat_dim=768 | input_res=518
[2025-11-26 09:08:38] INFO - [Fold 3] Backbone: vit_base_patch14_dinov2 | 输入分辨率: 518
[2025-11-26 09:08:38] INFO - [Fold 3] Params: total=140.55M, trainable=140.55M
[2025-11-26 09:08:38] INFO - [Fold 3] 使用多 GPU (DataParallel)
[2025-11-26 09:08:38] INFO - [Fold 3] 未找到 checkpoint，从头开始训练
[2025-11-26 09:08:38] INFO - [Fold 3] SwanLab run_id 已保存: 4vd3wfz4vwkpo4ma8w9ua
[2025-11-26 09:08:38] INFO - [Fold 3] 训练开始，起始 epoch=1，stage=1
[2025-11-26 09:09:07] WARNING - Fold 3 训练被用户中断
[2025-11-26 09:12:01] INFO - 配置已写入 /home/aaa/Kaggle-Series-Competition/CSIRO-Image2Biomass-Prediction/experiments/v4_crosspvt_t2t_mamba/config.yaml
[2025-11-26 09:12:01] INFO - === 启动 v4 CrossPVT T2T Mamba 训练 ===
[2025-11-26 09:12:01] INFO - 设备: cuda, 混合精度: True
[2025-11-26 09:12:01] INFO - 实验目录: /home/aaa/Kaggle-Series-Competition/CSIRO-Image2Biomass-Prediction/experiments/v4_crosspvt_t2t_mamba
[2025-11-26 09:12:01] INFO - 数据样本: 357
[2025-11-26 09:12:01] INFO - 训练配置: Folds=[0, 1, 2, 3, 4], Resume Mode=auto
[2025-11-26 09:12:01] INFO - ================================================================================
[2025-11-26 09:12:01] INFO - 开始训练 Fold 0/4
[2025-11-26 09:12:01] INFO - ================================================================================
[2025-11-26 09:12:01] INFO - [Fold 0] 训练集: 285 样本 | 验证集: 72 样本
[2025-11-26 09:12:04] INFO - ✅ 使用 DINO 主干: vit_base_patch14_dinov2 | global_pool=token | feat_dim=768 | input_res=518
[2025-11-26 09:12:04] INFO - [Fold 0] Backbone: vit_base_patch14_dinov2 | 输入分辨率: 518
[2025-11-26 09:12:04] INFO - [Fold 0] Params: total=140.55M, trainable=140.55M
[2025-11-26 09:12:05] INFO - [Fold 0] 使用多 GPU (DataParallel)
[2025-11-26 09:12:05] INFO - [Fold 0] 自动检测到 checkpoint: /home/aaa/Kaggle-Series-Competition/CSIRO-Image2Biomass-Prediction/experiments/v4_crosspvt_t2t_mamba/fold_0/checkpoints/last.pt
[2025-11-26 09:12:05] INFO - [Fold 0] 正在加载 checkpoint: /home/aaa/Kaggle-Series-Competition/CSIRO-Image2Biomass-Prediction/experiments/v4_crosspvt_t2t_mamba/fold_0/checkpoints/last.pt
[2025-11-26 09:12:06] INFO - [Fold 0] ✓ 模型权重已加载
[2025-11-26 09:12:06] INFO - [Fold 0] ✓ 已加载历史记录 (60 epochs)
[2025-11-26 09:12:06] INFO - [Fold 0] ⚠️  该 fold 已完成训练 (Epoch 60/60)，跳过训练
[2025-11-26 09:12:06] INFO - [Fold 0] 最佳指标: WR2=0.5788, Loss=263.1820
[2025-11-26 09:12:06] INFO - ✓ Fold 0 训练完成
[2025-11-26 09:12:07] INFO - 等待 3 秒后继续下一个 fold...
[2025-11-26 09:12:10] INFO - ================================================================================
[2025-11-26 09:12:10] INFO - 开始训练 Fold 1/4
[2025-11-26 09:12:10] INFO - ================================================================================
[2025-11-26 09:12:10] INFO - [Fold 1] 训练集: 285 样本 | 验证集: 72 样本
[2025-11-26 09:12:12] INFO - ✅ 使用 DINO 主干: vit_base_patch14_dinov2 | global_pool=token | feat_dim=768 | input_res=518
[2025-11-26 09:12:13] INFO - [Fold 1] Backbone: vit_base_patch14_dinov2 | 输入分辨率: 518
[2025-11-26 09:12:13] INFO - [Fold 1] Params: total=140.55M, trainable=140.55M
[2025-11-26 09:12:13] INFO - [Fold 1] 使用多 GPU (DataParallel)
[2025-11-26 09:12:13] INFO - [Fold 1] 自动检测到 checkpoint: /home/aaa/Kaggle-Series-Competition/CSIRO-Image2Biomass-Prediction/experiments/v4_crosspvt_t2t_mamba/fold_1/checkpoints/last.pt
[2025-11-26 09:12:13] INFO - [Fold 1] 正在加载 checkpoint: /home/aaa/Kaggle-Series-Competition/CSIRO-Image2Biomass-Prediction/experiments/v4_crosspvt_t2t_mamba/fold_1/checkpoints/last.pt
[2025-11-26 09:12:14] INFO - [Fold 1] 检测到非 DataParallel 格式的 checkpoint，正在添加 'module.' 前缀
[2025-11-26 09:12:14] INFO - [Fold 1] ✓ 模型权重已加载
[2025-11-26 09:12:14] INFO - [Fold 1] ✓ 已加载历史记录 (4 epochs)
[2025-11-26 09:12:14] INFO - [Fold 1] ⚠️  该 fold 已完成训练 (Epoch 60/60)，跳过训练
[2025-11-26 09:12:14] INFO - [Fold 1] 最佳指标: WR2=0.5986, Loss=139.6269
[2025-11-26 09:12:14] INFO - ✓ Fold 1 训练完成
[2025-11-26 09:12:15] INFO - 等待 3 秒后继续下一个 fold...
[2025-11-26 09:12:18] INFO - ================================================================================
[2025-11-26 09:12:18] INFO - 开始训练 Fold 2/4
[2025-11-26 09:12:18] INFO - ================================================================================
[2025-11-26 09:12:18] INFO - [Fold 2] 训练集: 286 样本 | 验证集: 71 样本
[2025-11-26 09:12:21] INFO - ✅ 使用 DINO 主干: vit_base_patch14_dinov2 | global_pool=token | feat_dim=768 | input_res=518
[2025-11-26 09:12:21] INFO - [Fold 2] Backbone: vit_base_patch14_dinov2 | 输入分辨率: 518
[2025-11-26 09:12:21] INFO - [Fold 2] Params: total=140.55M, trainable=140.55M
[2025-11-26 09:12:21] INFO - [Fold 2] 使用多 GPU (DataParallel)
[2025-11-26 09:12:21] INFO - [Fold 2] 未找到 checkpoint，从头开始训练
[2025-11-26 09:12:23] INFO - [Fold 2] SwanLab run_id 已保存: tl0jzkm6mbsqa8x2yd9i7
[2025-11-26 09:12:23] INFO - [Fold 2] 训练开始，起始 epoch=1，stage=1
[2025-11-26 09:15:46] ERROR - ✗ Fold 2 训练失败: Gather function not implemented for CPU tensors
Traceback (most recent call last):
  File "/home/aaa/Kaggle-Series-Competition/CSIRO-Image2Biomass-Prediction/experiments/v4_crosspvt_t2t_mamba/train.py", line 1680, in main
    run_fold(fold, df_wide, CFG.project, resume_path=resume_path, resume_mode=resume_mode)
    ~~~~~~~~^^^^^^^^^^^^^^^^^^^^^^^^^^^^^^^^^^^^^^^^^^^^^^^^^^^^^^^^^^^^^^^^^^^^^^^^^^^^^^
  File "/home/aaa/Kaggle-Series-Competition/CSIRO-Image2Biomass-Prediction/experiments/v4_crosspvt_t2t_mamba/train.py", line 1535, in run_fold
    va_loss, wr2, per_r2, per_mae, per_rmse, y_true, y_pred = validate(
                                                              ~~~~~~~~^
        model, valid_loader, criterion, sw_run=run, epoch_idx=ep, log_images=(ep % CFG.log_image_every == 0)
        ^^^^^^^^^^^^^^^^^^^^^^^^^^^^^^^^^^^^^^^^^^^^^^^^^^^^^^^^^^^^^^^^^^^^^^^^^^^^^^^^^^^^^^^^^^^^^^^^^^^^
    )
    ^
  File "/home/aaa/miniconda3/envs/kaggle/lib/python3.14/site-packages/torch/utils/_contextlib.py", line 120, in decorate_context
    return func(*args, **kwargs)
  File "/home/aaa/Kaggle-Series-Competition/CSIRO-Image2Biomass-Prediction/experiments/v4_crosspvt_t2t_mamba/train.py", line 1148, in validate
    out = model(x_cat, return_features=log_images and step == 0)
  File "/home/aaa/miniconda3/envs/kaggle/lib/python3.14/site-packages/torch/nn/modules/module.py", line 1775, in _wrapped_call_impl
    return self._call_impl(*args, **kwargs)
           ~~~~~~~~~~~~~~~^^^^^^^^^^^^^^^^^
  File "/home/aaa/miniconda3/envs/kaggle/lib/python3.14/site-packages/torch/nn/modules/module.py", line 1786, in _call_impl
    return forward_call(*args, **kwargs)
  File "/home/aaa/miniconda3/envs/kaggle/lib/python3.14/site-packages/torch/nn/parallel/data_parallel.py", line 195, in forward
    return self.gather(outputs, self.output_device)
           ~~~~~~~~~~~^^^^^^^^^^^^^^^^^^^^^^^^^^^^^
  File "/home/aaa/miniconda3/envs/kaggle/lib/python3.14/site-packages/torch/nn/parallel/data_parallel.py", line 218, in gather
    return gather(outputs, output_device, dim=self.dim)
  File "/home/aaa/miniconda3/envs/kaggle/lib/python3.14/site-packages/torch/nn/parallel/scatter_gather.py", line 134, in gather
    res = gather_map(outputs)
  File "/home/aaa/miniconda3/envs/kaggle/lib/python3.14/site-packages/torch/nn/parallel/scatter_gather.py", line 126, in gather_map
    return type(out)((k, gather_map([d[k] for d in outputs])) for k in out)
           ~~~~~~~~~^^^^^^^^^^^^^^^^^^^^^^^^^^^^^^^^^^^^^^^^^^^^^^^^^^^^^^^
  File "/home/aaa/miniconda3/envs/kaggle/lib/python3.14/site-packages/torch/nn/parallel/scatter_gather.py", line 126, in <genexpr>
    return type(out)((k, gather_map([d[k] for d in outputs])) for k in out)
                         ~~~~~~~~~~^^^^^^^^^^^^^^^^^^^^^^^^^
  File "/home/aaa/miniconda3/envs/kaggle/lib/python3.14/site-packages/torch/nn/parallel/scatter_gather.py", line 120, in gather_map
    return Gather.apply(target_device, dim, *outputs)
           ~~~~~~~~~~~~^^^^^^^^^^^^^^^^^^^^^^^^^^^^^^
  File "/home/aaa/miniconda3/envs/kaggle/lib/python3.14/site-packages/torch/autograd/function.py", line 581, in apply
    return super().apply(*args, **kwargs)  # type: ignore[misc]
           ~~~~~~~~~~~~~^^^^^^^^^^^^^^^^^
  File "/home/aaa/miniconda3/envs/kaggle/lib/python3.14/site-packages/torch/nn/parallel/_functions.py", line 59, in forward
    assert all(i.device.type != "cpu" for i in inputs), (
           ~~~^^^^^^^^^^^^^^^^^^^^^^^^^^^^^^^^^^^^^^^^
AssertionError: Gather function not implemented for CPU tensors
[2025-11-26 09:15:46] INFO - 继续下一个 fold...
[2025-11-26 09:15:46] INFO - 等待 3 秒后继续下一个 fold...
[2025-11-26 09:15:49] INFO - ================================================================================
[2025-11-26 09:15:49] INFO - 开始训练 Fold 3/4
[2025-11-26 09:15:49] INFO - ================================================================================
[2025-11-26 09:15:49] INFO - [Fold 3] 训练集: 286 样本 | 验证集: 71 样本
[2025-11-26 09:15:52] INFO - ✅ 使用 DINO 主干: vit_base_patch14_dinov2 | global_pool=token | feat_dim=768 | input_res=518
[2025-11-26 09:15:52] INFO - [Fold 3] Backbone: vit_base_patch14_dinov2 | 输入分辨率: 518
[2025-11-26 09:15:52] INFO - [Fold 3] Params: total=140.55M, trainable=140.55M
[2025-11-26 09:15:52] INFO - [Fold 3] 使用多 GPU (DataParallel)
[2025-11-26 09:15:52] INFO - [Fold 3] 未找到 checkpoint，从头开始训练
[2025-11-26 09:15:53] INFO - [Fold 3] SwanLab run_id 已保存: tl0jzkm6mbsqa8x2yd9i7
[2025-11-26 09:15:53] INFO - [Fold 3] 训练开始，起始 epoch=1，stage=1
[2025-11-26 09:15:59] WARNING - Fold 3 训练被用户中断
[2025-11-26 09:16:47] INFO - 配置已写入 /home/aaa/Kaggle-Series-Competition/CSIRO-Image2Biomass-Prediction/experiments/v4_crosspvt_t2t_mamba/config.yaml
[2025-11-26 09:16:47] INFO - === 启动 v4 CrossPVT T2T Mamba 训练 ===
[2025-11-26 09:16:47] INFO - 设备: cuda, 混合精度: True
[2025-11-26 09:16:47] INFO - 实验目录: /home/aaa/Kaggle-Series-Competition/CSIRO-Image2Biomass-Prediction/experiments/v4_crosspvt_t2t_mamba
[2025-11-26 09:16:47] INFO - 数据样本: 357
[2025-11-26 09:16:47] INFO - 训练配置: Folds=[0, 1, 2, 3, 4], Resume Mode=auto
[2025-11-26 09:16:47] INFO - ================================================================================
[2025-11-26 09:16:47] INFO - 开始训练 Fold 0/4
[2025-11-26 09:16:47] INFO - ================================================================================
[2025-11-26 09:16:47] INFO - [Fold 0] 训练集: 285 样本 | 验证集: 72 样本
[2025-11-26 09:16:50] INFO - ✅ 使用 DINO 主干: vit_base_patch14_dinov2 | global_pool=token | feat_dim=768 | input_res=518
[2025-11-26 09:16:50] INFO - [Fold 0] Backbone: vit_base_patch14_dinov2 | 输入分辨率: 518
[2025-11-26 09:16:50] INFO - [Fold 0] Params: total=140.55M, trainable=140.55M
[2025-11-26 09:16:50] INFO - [Fold 0] 使用多 GPU (DataParallel)
[2025-11-26 09:16:50] INFO - [Fold 0] 自动检测到 checkpoint: /home/aaa/Kaggle-Series-Competition/CSIRO-Image2Biomass-Prediction/experiments/v4_crosspvt_t2t_mamba/fold_0/checkpoints/last.pt
[2025-11-26 09:16:50] INFO - [Fold 0] 正在加载 checkpoint: /home/aaa/Kaggle-Series-Competition/CSIRO-Image2Biomass-Prediction/experiments/v4_crosspvt_t2t_mamba/fold_0/checkpoints/last.pt
[2025-11-26 09:16:52] INFO - [Fold 0] ✓ 模型权重已加载
[2025-11-26 09:16:52] INFO - [Fold 0] ✓ 已加载历史记录 (60 epochs)
[2025-11-26 09:16:52] INFO - [Fold 0] ⚠️  该 fold 已完成训练 (Epoch 60/60)，跳过训练
[2025-11-26 09:16:52] INFO - [Fold 0] 最佳指标: WR2=0.5788, Loss=263.1820
[2025-11-26 09:16:52] INFO - ✓ Fold 0 训练完成
[2025-11-26 09:16:52] INFO - 等待 3 秒后继续下一个 fold...
[2025-11-26 09:16:55] INFO - ================================================================================
[2025-11-26 09:16:55] INFO - 开始训练 Fold 1/4
[2025-11-26 09:16:55] INFO - ================================================================================
[2025-11-26 09:16:55] INFO - [Fold 1] 训练集: 285 样本 | 验证集: 72 样本
[2025-11-26 09:16:58] INFO - ✅ 使用 DINO 主干: vit_base_patch14_dinov2 | global_pool=token | feat_dim=768 | input_res=518
[2025-11-26 09:16:58] INFO - [Fold 1] Backbone: vit_base_patch14_dinov2 | 输入分辨率: 518
[2025-11-26 09:16:58] INFO - [Fold 1] Params: total=140.55M, trainable=140.55M
[2025-11-26 09:16:59] INFO - [Fold 1] 使用多 GPU (DataParallel)
[2025-11-26 09:16:59] INFO - [Fold 1] 自动检测到 checkpoint: /home/aaa/Kaggle-Series-Competition/CSIRO-Image2Biomass-Prediction/experiments/v4_crosspvt_t2t_mamba/fold_1/checkpoints/last.pt
[2025-11-26 09:16:59] INFO - [Fold 1] 正在加载 checkpoint: /home/aaa/Kaggle-Series-Competition/CSIRO-Image2Biomass-Prediction/experiments/v4_crosspvt_t2t_mamba/fold_1/checkpoints/last.pt
[2025-11-26 09:17:00] INFO - [Fold 1] 检测到非 DataParallel 格式的 checkpoint，正在添加 'module.' 前缀
[2025-11-26 09:17:00] INFO - [Fold 1] ✓ 模型权重已加载
[2025-11-26 09:17:00] INFO - [Fold 1] ✓ 已加载历史记录 (4 epochs)
[2025-11-26 09:17:00] INFO - [Fold 1] ⚠️  该 fold 已完成训练 (Epoch 60/60)，跳过训练
[2025-11-26 09:17:00] INFO - [Fold 1] 最佳指标: WR2=0.5986, Loss=139.6269
[2025-11-26 09:17:00] INFO - ✓ Fold 1 训练完成
[2025-11-26 09:17:00] INFO - 等待 3 秒后继续下一个 fold...
[2025-11-26 09:17:03] INFO - ================================================================================
[2025-11-26 09:17:03] INFO - 开始训练 Fold 2/4
[2025-11-26 09:17:03] INFO - ================================================================================
[2025-11-26 09:17:03] INFO - [Fold 2] 训练集: 286 样本 | 验证集: 71 样本
[2025-11-26 09:17:06] INFO - ✅ 使用 DINO 主干: vit_base_patch14_dinov2 | global_pool=token | feat_dim=768 | input_res=518
[2025-11-26 09:17:06] INFO - [Fold 2] Backbone: vit_base_patch14_dinov2 | 输入分辨率: 518
[2025-11-26 09:17:06] INFO - [Fold 2] Params: total=140.55M, trainable=140.55M
[2025-11-26 09:17:07] INFO - [Fold 2] 使用多 GPU (DataParallel)
[2025-11-26 09:17:07] INFO - [Fold 2] 未找到 checkpoint，从头开始训练
[2025-11-26 09:17:09] INFO - [Fold 2] SwanLab run_id 已保存: dbi20jz2cdxy08bq2lwcc
[2025-11-26 09:17:09] INFO - [Fold 2] 训练开始，起始 epoch=1，stage=1
[2025-11-26 09:20:34] ERROR - ✗ Fold 2 训练失败: Gather function not implemented for CPU tensors
Traceback (most recent call last):
  File "/home/aaa/Kaggle-Series-Competition/CSIRO-Image2Biomass-Prediction/experiments/v4_crosspvt_t2t_mamba/train.py", line 1685, in main
    run_fold(fold, df_wide, CFG.project, resume_path=resume_path, resume_mode=resume_mode)
    ~~~~~~~~^^^^^^^^^^^^^^^^^^^^^^^^^^^^^^^^^^^^^^^^^^^^^^^^^^^^^^^^^^^^^^^^^^^^^^^^^^^^^^
  File "/home/aaa/Kaggle-Series-Competition/CSIRO-Image2Biomass-Prediction/experiments/v4_crosspvt_t2t_mamba/train.py", line 1540, in run_fold
    va_loss, wr2, per_r2, per_mae, per_rmse, y_true, y_pred = validate(
                                                              ~~~~~~~~^
        model, valid_loader, criterion, sw_run=run, epoch_idx=ep, log_images=(ep % CFG.log_image_every == 0)
        ^^^^^^^^^^^^^^^^^^^^^^^^^^^^^^^^^^^^^^^^^^^^^^^^^^^^^^^^^^^^^^^^^^^^^^^^^^^^^^^^^^^^^^^^^^^^^^^^^^^^
    )
    ^
  File "/home/aaa/miniconda3/envs/kaggle/lib/python3.14/site-packages/torch/utils/_contextlib.py", line 120, in decorate_context
    return func(*args, **kwargs)
  File "/home/aaa/Kaggle-Series-Competition/CSIRO-Image2Biomass-Prediction/experiments/v4_crosspvt_t2t_mamba/train.py", line 1153, in validate
    out = model(x_cat, return_features=log_images and step == 0)
  File "/home/aaa/miniconda3/envs/kaggle/lib/python3.14/site-packages/torch/nn/modules/module.py", line 1775, in _wrapped_call_impl
    return self._call_impl(*args, **kwargs)
           ~~~~~~~~~~~~~~~^^^^^^^^^^^^^^^^^
  File "/home/aaa/miniconda3/envs/kaggle/lib/python3.14/site-packages/torch/nn/modules/module.py", line 1786, in _call_impl
    return forward_call(*args, **kwargs)
  File "/home/aaa/miniconda3/envs/kaggle/lib/python3.14/site-packages/torch/nn/parallel/data_parallel.py", line 195, in forward
    return self.gather(outputs, self.output_device)
           ~~~~~~~~~~~^^^^^^^^^^^^^^^^^^^^^^^^^^^^^
  File "/home/aaa/miniconda3/envs/kaggle/lib/python3.14/site-packages/torch/nn/parallel/data_parallel.py", line 218, in gather
    return gather(outputs, output_device, dim=self.dim)
  File "/home/aaa/miniconda3/envs/kaggle/lib/python3.14/site-packages/torch/nn/parallel/scatter_gather.py", line 134, in gather
    res = gather_map(outputs)
  File "/home/aaa/miniconda3/envs/kaggle/lib/python3.14/site-packages/torch/nn/parallel/scatter_gather.py", line 126, in gather_map
    return type(out)((k, gather_map([d[k] for d in outputs])) for k in out)
           ~~~~~~~~~^^^^^^^^^^^^^^^^^^^^^^^^^^^^^^^^^^^^^^^^^^^^^^^^^^^^^^^
  File "/home/aaa/miniconda3/envs/kaggle/lib/python3.14/site-packages/torch/nn/parallel/scatter_gather.py", line 126, in <genexpr>
    return type(out)((k, gather_map([d[k] for d in outputs])) for k in out)
                         ~~~~~~~~~~^^^^^^^^^^^^^^^^^^^^^^^^^
  File "/home/aaa/miniconda3/envs/kaggle/lib/python3.14/site-packages/torch/nn/parallel/scatter_gather.py", line 120, in gather_map
    return Gather.apply(target_device, dim, *outputs)
           ~~~~~~~~~~~~^^^^^^^^^^^^^^^^^^^^^^^^^^^^^^
  File "/home/aaa/miniconda3/envs/kaggle/lib/python3.14/site-packages/torch/autograd/function.py", line 581, in apply
    return super().apply(*args, **kwargs)  # type: ignore[misc]
           ~~~~~~~~~~~~~^^^^^^^^^^^^^^^^^
  File "/home/aaa/miniconda3/envs/kaggle/lib/python3.14/site-packages/torch/nn/parallel/_functions.py", line 59, in forward
    assert all(i.device.type != "cpu" for i in inputs), (
           ~~~^^^^^^^^^^^^^^^^^^^^^^^^^^^^^^^^^^^^^^^^
AssertionError: Gather function not implemented for CPU tensors
[2025-11-26 09:20:34] INFO - 继续下一个 fold...
[2025-11-26 09:20:35] INFO - 等待 3 秒后继续下一个 fold...
[2025-11-26 09:20:38] INFO - ================================================================================
[2025-11-26 09:20:38] INFO - 开始训练 Fold 3/4
[2025-11-26 09:20:38] INFO - ================================================================================
[2025-11-26 09:20:38] INFO - [Fold 3] 训练集: 286 样本 | 验证集: 71 样本
[2025-11-26 09:20:40] INFO - ✅ 使用 DINO 主干: vit_base_patch14_dinov2 | global_pool=token | feat_dim=768 | input_res=518
[2025-11-26 09:20:41] INFO - [Fold 3] Backbone: vit_base_patch14_dinov2 | 输入分辨率: 518
[2025-11-26 09:20:41] INFO - [Fold 3] Params: total=140.55M, trainable=140.55M
[2025-11-26 09:20:41] INFO - [Fold 3] 使用多 GPU (DataParallel)
[2025-11-26 09:20:41] INFO - [Fold 3] 未找到 checkpoint，从头开始训练
[2025-11-26 09:20:41] INFO - [Fold 3] SwanLab run_id 已保存: dbi20jz2cdxy08bq2lwcc
[2025-11-26 09:20:41] INFO - [Fold 3] 训练开始，起始 epoch=1，stage=1
[2025-11-26 09:20:42] WARNING - Fold 3 训练被用户中断
[2025-11-26 09:25:15] INFO - 配置已写入 /home/aaa/Kaggle-Series-Competition/CSIRO-Image2Biomass-Prediction/experiments/v4_crosspvt_t2t_mamba/config.yaml
[2025-11-26 09:25:15] INFO - === 启动 v4 CrossPVT T2T Mamba 训练 ===
[2025-11-26 09:25:15] INFO - 设备: cuda, 混合精度: True
[2025-11-26 09:25:15] INFO - 实验目录: /home/aaa/Kaggle-Series-Competition/CSIRO-Image2Biomass-Prediction/experiments/v4_crosspvt_t2t_mamba
[2025-11-26 09:25:15] INFO - 数据样本: 357
[2025-11-26 09:25:15] INFO - 训练配置: Folds=[0, 1, 2, 3, 4], Resume Mode=auto
[2025-11-26 09:25:15] INFO - ================================================================================
[2025-11-26 09:25:15] INFO - 开始训练 Fold 0/4
[2025-11-26 09:25:15] INFO - ================================================================================
[2025-11-26 09:25:15] INFO - [Fold 0] 训练集: 285 样本 | 验证集: 72 样本
[2025-11-26 09:25:18] INFO - ✅ 使用 DINO 主干: vit_base_patch14_dinov2 | global_pool=token | feat_dim=768 | input_res=518
[2025-11-26 09:25:19] INFO - [Fold 0] Backbone: vit_base_patch14_dinov2 | 输入分辨率: 518
[2025-11-26 09:25:19] INFO - [Fold 0] Params: total=140.55M, trainable=140.55M
[2025-11-26 09:25:19] INFO - [Fold 0] 使用多 GPU (DataParallel)
[2025-11-26 09:25:19] INFO - [Fold 0] 自动检测到 checkpoint: /home/aaa/Kaggle-Series-Competition/CSIRO-Image2Biomass-Prediction/experiments/v4_crosspvt_t2t_mamba/fold_0/checkpoints/last.pt
[2025-11-26 09:25:19] INFO - [Fold 0] 正在加载 checkpoint: /home/aaa/Kaggle-Series-Competition/CSIRO-Image2Biomass-Prediction/experiments/v4_crosspvt_t2t_mamba/fold_0/checkpoints/last.pt
[2025-11-26 09:25:21] INFO - [Fold 0] ✓ 模型权重已加载
[2025-11-26 09:25:21] INFO - [Fold 0] ✓ 已加载历史记录 (60 epochs)
[2025-11-26 09:25:21] INFO - [Fold 0] ⚠️  该 fold 已完成训练 (Epoch 60/60)，跳过训练
[2025-11-26 09:25:21] INFO - [Fold 0] 最佳指标: WR2=0.5788, Loss=263.1820
[2025-11-26 09:25:21] INFO - ✓ Fold 0 训练完成
[2025-11-26 09:25:21] INFO - 等待 3 秒后继续下一个 fold...
[2025-11-26 09:25:24] INFO - ================================================================================
[2025-11-26 09:25:24] INFO - 开始训练 Fold 1/4
[2025-11-26 09:25:24] INFO - ================================================================================
[2025-11-26 09:25:24] INFO - [Fold 1] 训练集: 285 样本 | 验证集: 72 样本
[2025-11-26 09:25:27] INFO - ✅ 使用 DINO 主干: vit_base_patch14_dinov2 | global_pool=token | feat_dim=768 | input_res=518
[2025-11-26 09:25:27] INFO - [Fold 1] Backbone: vit_base_patch14_dinov2 | 输入分辨率: 518
[2025-11-26 09:25:27] INFO - [Fold 1] Params: total=140.55M, trainable=140.55M
[2025-11-26 09:25:28] INFO - [Fold 1] 使用多 GPU (DataParallel)
[2025-11-26 09:25:28] INFO - [Fold 1] 自动检测到 checkpoint: /home/aaa/Kaggle-Series-Competition/CSIRO-Image2Biomass-Prediction/experiments/v4_crosspvt_t2t_mamba/fold_1/checkpoints/last.pt
[2025-11-26 09:25:28] INFO - [Fold 1] 正在加载 checkpoint: /home/aaa/Kaggle-Series-Competition/CSIRO-Image2Biomass-Prediction/experiments/v4_crosspvt_t2t_mamba/fold_1/checkpoints/last.pt
[2025-11-26 09:25:29] INFO - [Fold 1] 检测到非 DataParallel 格式的 checkpoint，正在添加 'module.' 前缀
[2025-11-26 09:25:29] INFO - [Fold 1] ✓ 模型权重已加载
[2025-11-26 09:25:29] INFO - [Fold 1] ✓ 已加载历史记录 (4 epochs)
[2025-11-26 09:25:29] INFO - [Fold 1] ⚠️  该 fold 已完成训练 (Epoch 60/60)，跳过训练
[2025-11-26 09:25:29] INFO - [Fold 1] 最佳指标: WR2=0.5986, Loss=139.6269
[2025-11-26 09:25:29] INFO - ✓ Fold 1 训练完成
[2025-11-26 09:25:29] INFO - 等待 3 秒后继续下一个 fold...
[2025-11-26 09:25:32] INFO - ================================================================================
[2025-11-26 09:25:32] INFO - 开始训练 Fold 2/4
[2025-11-26 09:25:32] INFO - ================================================================================
[2025-11-26 09:25:32] INFO - [Fold 2] 训练集: 286 样本 | 验证集: 71 样本
[2025-11-26 09:25:35] INFO - ✅ 使用 DINO 主干: vit_base_patch14_dinov2 | global_pool=token | feat_dim=768 | input_res=518
[2025-11-26 09:25:35] INFO - [Fold 2] Backbone: vit_base_patch14_dinov2 | 输入分辨率: 518
[2025-11-26 09:25:35] INFO - [Fold 2] Params: total=140.55M, trainable=140.55M
[2025-11-26 09:25:35] INFO - [Fold 2] 使用多 GPU (DataParallel)
[2025-11-26 09:25:35] INFO - [Fold 2] 未找到 checkpoint，从头开始训练
[2025-11-26 09:25:37] INFO - [Fold 2] SwanLab run_id 已保存: xgfzympsbxbu00eg2c34w
[2025-11-26 09:25:37] INFO - [Fold 2] 训练开始，起始 epoch=1，stage=1
[2025-11-26 09:29:31] INFO - [Fold 2] Epoch 1/60 | Stage 1 | TrainLoss 1773.8577 | ValLoss 568.7003 | WR2 -0.0074 | R2_total 0.065 | R2_gdm 0.048 | LR 1.00e-04
[2025-11-26 09:29:33] INFO - [Fold 2] ✓ 新的最佳 WR2: -0.0074 (Epoch 1)
[2025-11-26 09:29:35] INFO - [Fold 2] ✓ 新的最佳 Loss: 568.7003 (Epoch 1)
[2025-11-26 09:33:30] INFO - [Fold 2] Epoch 2/60 | Stage 1 | TrainLoss 1001.9631 | ValLoss 320.7913 | WR2 0.3436 | R2_total 0.494 | R2_gdm 0.411 | LR 1.00e-04
[2025-11-26 09:33:33] INFO - [Fold 2] ✓ 新的最佳 WR2: 0.3436 (Epoch 2)
[2025-11-26 09:33:35] INFO - [Fold 2] ✓ 新的最佳 Loss: 320.7913 (Epoch 2)
[2025-11-26 09:37:28] INFO - [Fold 2] Epoch 3/60 | Stage 1 | TrainLoss 769.6991 | ValLoss 222.4018 | WR2 0.4967 | R2_total 0.674 | R2_gdm 0.589 | LR 1.00e-04
[2025-11-26 09:37:31] INFO - [Fold 2] ✓ 新的最佳 WR2: 0.4967 (Epoch 3)
[2025-11-26 09:37:32] INFO - [Fold 2] ✓ 新的最佳 Loss: 222.4018 (Epoch 3)
[2025-11-26 09:41:24] INFO - [Fold 2] Epoch 4/60 | Stage 1 | TrainLoss 706.8455 | ValLoss 440.2221 | WR2 0.1936 | R2_total 0.248 | R2_gdm 0.269 | LR 1.00e-04
[2025-11-26 09:45:20] INFO - [Fold 2] Epoch 5/60 | Stage 1 | TrainLoss 706.3648 | ValLoss 238.6152 | WR2 0.4766 | R2_total 0.600 | R2_gdm 0.598 | LR 1.00e-04
[2025-11-26 09:45:22] INFO - [Fold 2] 进入 Stage 2（解冻）
[2025-11-26 09:56:32] INFO - [Fold 2] Epoch 6/60 | Stage 2 | TrainLoss 1364.5089 | ValLoss 318.1971 | WR2 0.3741 | R2_total 0.483 | R2_gdm 0.460 | LR 9.99e-06
[2025-11-26 10:07:41] INFO - [Fold 2] Epoch 7/60 | Stage 2 | TrainLoss 807.4923 | ValLoss 264.0446 | WR2 0.4484 | R2_total 0.576 | R2_gdm 0.549 | LR 9.97e-06
[2025-11-26 10:18:50] INFO - [Fold 2] Epoch 8/60 | Stage 2 | TrainLoss 755.9969 | ValLoss 170.6135 | WR2 0.5797 | R2_total 0.744 | R2_gdm 0.708 | LR 9.93e-06
[2025-11-26 10:18:55] INFO - [Fold 2] ✓ 新的最佳 WR2: 0.5797 (Epoch 8)
[2025-11-26 10:18:58] INFO - [Fold 2] ✓ 新的最佳 Loss: 170.6135 (Epoch 8)
[2025-11-26 10:30:05] INFO - [Fold 2] Epoch 9/60 | Stage 2 | TrainLoss 657.2130 | ValLoss 215.6295 | WR2 0.5123 | R2_total 0.647 | R2_gdm 0.668 | LR 9.88e-06
[2025-11-26 10:41:15] INFO - [Fold 2] Epoch 10/60 | Stage 2 | TrainLoss 725.0150 | ValLoss 258.3026 | WR2 0.4470 | R2_total 0.553 | R2_gdm 0.622 | LR 9.82e-06
[2025-11-26 10:52:24] INFO - [Fold 2] Epoch 11/60 | Stage 2 | TrainLoss 665.5616 | ValLoss 190.6063 | WR2 0.5544 | R2_total 0.710 | R2_gdm 0.653 | LR 9.74e-06
[2025-11-26 11:03:29] INFO - [Fold 2] Epoch 12/60 | Stage 2 | TrainLoss 628.1762 | ValLoss 135.1947 | WR2 0.6403 | R2_total 0.813 | R2_gdm 0.775 | LR 9.65e-06
[2025-11-26 11:03:34] INFO - [Fold 2] ✓ 新的最佳 WR2: 0.6403 (Epoch 12)
[2025-11-26 11:03:37] INFO - [Fold 2] ✓ 新的最佳 Loss: 135.1947 (Epoch 12)
[2025-11-26 11:14:44] INFO - [Fold 2] Epoch 13/60 | Stage 2 | TrainLoss 619.6333 | ValLoss 210.2264 | WR2 0.5223 | R2_total 0.634 | R2_gdm 0.743 | LR 9.54e-06
[2025-11-26 11:25:52] INFO - [Fold 2] Epoch 14/60 | Stage 2 | TrainLoss 659.7363 | ValLoss 187.6999 | WR2 0.5585 | R2_total 0.686 | R2_gdm 0.764 | LR 9.42e-06
[2025-11-26 11:37:01] INFO - [Fold 2] Epoch 15/60 | Stage 2 | TrainLoss 735.5673 | ValLoss 127.1001 | WR2 0.6567 | R2_total 0.820 | R2_gdm 0.845 | LR 9.29e-06
[2025-11-26 11:37:06] INFO - [Fold 2] ✓ 新的最佳 WR2: 0.6567 (Epoch 15)
[2025-11-26 11:37:09] INFO - [Fold 2] ✓ 新的最佳 Loss: 127.1001 (Epoch 15)
[2025-11-26 11:48:15] INFO - [Fold 2] Epoch 16/60 | Stage 2 | TrainLoss 623.5220 | ValLoss 155.9077 | WR2 0.6090 | R2_total 0.739 | R2_gdm 0.843 | LR 9.14e-06
[2025-11-26 11:59:19] INFO - [Fold 2] Epoch 17/60 | Stage 2 | TrainLoss 618.1215 | ValLoss 189.2173 | WR2 0.5637 | R2_total 0.708 | R2_gdm 0.697 | LR 8.98e-06
[2025-11-26 12:10:26] INFO - [Fold 2] Epoch 18/60 | Stage 2 | TrainLoss 598.2355 | ValLoss 212.8600 | WR2 0.5289 | R2_total 0.661 | R2_gdm 0.654 | LR 8.82e-06
[2025-11-26 12:21:31] INFO - [Fold 2] Epoch 19/60 | Stage 2 | TrainLoss 583.5814 | ValLoss 140.5861 | WR2 0.6294 | R2_total 0.788 | R2_gdm 0.799 | LR 8.64e-06
[2025-11-26 12:32:38] INFO - [Fold 2] Epoch 20/60 | Stage 2 | TrainLoss 609.7982 | ValLoss 138.6216 | WR2 0.6317 | R2_total 0.792 | R2_gdm 0.807 | LR 8.45e-06
[2025-11-26 12:43:43] INFO - [Fold 2] Epoch 21/60 | Stage 2 | TrainLoss 567.6905 | ValLoss 144.6301 | WR2 0.6339 | R2_total 0.803 | R2_gdm 0.777 | LR 8.25e-06
[2025-11-26 12:54:52] INFO - [Fold 2] Epoch 22/60 | Stage 2 | TrainLoss 572.8086 | ValLoss 126.2983 | WR2 0.6529 | R2_total 0.828 | R2_gdm 0.788 | LR 8.04e-06
[2025-11-26 12:54:58] INFO - [Fold 2] ✓ 新的最佳 Loss: 126.2983 (Epoch 22)
[2025-11-26 13:06:02] INFO - [Fold 2] Epoch 23/60 | Stage 2 | TrainLoss 560.8701 | ValLoss 116.1287 | WR2 0.6761 | R2_total 0.842 | R2_gdm 0.850 | LR 7.82e-06
[2025-11-26 13:06:08] INFO - [Fold 2] ✓ 新的最佳 WR2: 0.6761 (Epoch 23)
[2025-11-26 13:06:10] INFO - [Fold 2] ✓ 新的最佳 Loss: 116.1287 (Epoch 23)
[2025-11-26 13:17:16] INFO - [Fold 2] Epoch 24/60 | Stage 2 | TrainLoss 554.9351 | ValLoss 135.4091 | WR2 0.6384 | R2_total 0.806 | R2_gdm 0.782 | LR 7.60e-06
[2025-11-26 13:28:25] INFO - [Fold 2] Epoch 25/60 | Stage 2 | TrainLoss 540.3960 | ValLoss 171.8891 | WR2 0.5905 | R2_total 0.744 | R2_gdm 0.724 | LR 7.37e-06
[2025-11-26 13:39:31] INFO - [Fold 2] Epoch 26/60 | Stage 2 | TrainLoss 550.4315 | ValLoss 133.3757 | WR2 0.6473 | R2_total 0.810 | R2_gdm 0.815 | LR 7.13e-06
[2025-11-26 13:50:38] INFO - [Fold 2] Epoch 27/60 | Stage 2 | TrainLoss 537.2089 | ValLoss 123.5366 | WR2 0.6584 | R2_total 0.820 | R2_gdm 0.845 | LR 6.89e-06
[2025-11-26 14:01:47] INFO - [Fold 2] Epoch 28/60 | Stage 2 | TrainLoss 535.6129 | ValLoss 120.9095 | WR2 0.6655 | R2_total 0.826 | R2_gdm 0.844 | LR 6.64e-06
[2025-11-26 14:12:52] INFO - [Fold 2] Epoch 29/60 | Stage 2 | TrainLoss 526.4369 | ValLoss 138.8195 | WR2 0.6378 | R2_total 0.797 | R2_gdm 0.799 | LR 6.39e-06
[2025-11-26 14:23:59] INFO - [Fold 2] Epoch 30/60 | Stage 2 | TrainLoss 533.9990 | ValLoss 154.3315 | WR2 0.6097 | R2_total 0.756 | R2_gdm 0.779 | LR 6.14e-06
[2025-11-26 14:35:03] INFO - [Fold 2] Epoch 31/60 | Stage 2 | TrainLoss 528.9834 | ValLoss 126.4221 | WR2 0.6582 | R2_total 0.815 | R2_gdm 0.829 | LR 5.89e-06
[2025-11-26 14:46:09] INFO - [Fold 2] Epoch 32/60 | Stage 2 | TrainLoss 516.4275 | ValLoss 112.3035 | WR2 0.6805 | R2_total 0.844 | R2_gdm 0.855 | LR 5.63e-06
[2025-11-26 14:46:14] INFO - [Fold 2] ✓ 新的最佳 WR2: 0.6805 (Epoch 32)
[2025-11-26 14:46:16] INFO - [Fold 2] ✓ 新的最佳 Loss: 112.3035 (Epoch 32)
[2025-11-26 14:57:20] INFO - [Fold 2] Epoch 33/60 | Stage 2 | TrainLoss 513.1407 | ValLoss 118.4210 | WR2 0.6770 | R2_total 0.836 | R2_gdm 0.851 | LR 5.37e-06
[2025-11-26 15:08:28] INFO - [Fold 2] Epoch 34/60 | Stage 2 | TrainLoss 514.2268 | ValLoss 118.8321 | WR2 0.6757 | R2_total 0.836 | R2_gdm 0.835 | LR 5.11e-06
[2025-11-26 15:19:32] INFO - [Fold 2] Epoch 35/60 | Stage 2 | TrainLoss 512.6598 | ValLoss 117.4774 | WR2 0.6842 | R2_total 0.841 | R2_gdm 0.850 | LR 4.86e-06
[2025-11-26 15:19:38] INFO - [Fold 2] ✓ 新的最佳 WR2: 0.6842 (Epoch 35)
[2025-11-26 15:30:40] INFO - [Fold 2] Epoch 36/60 | Stage 2 | TrainLoss 507.7491 | ValLoss 116.2079 | WR2 0.6801 | R2_total 0.838 | R2_gdm 0.831 | LR 4.61e-06
[2025-11-26 15:41:45] INFO - [Fold 2] Epoch 37/60 | Stage 2 | TrainLoss 509.9490 | ValLoss 118.3075 | WR2 0.6839 | R2_total 0.839 | R2_gdm 0.822 | LR 4.36e-06
[2025-11-26 15:52:50] INFO - [Fold 2] Epoch 38/60 | Stage 2 | TrainLoss 508.6490 | ValLoss 105.8193 | WR2 0.6991 | R2_total 0.864 | R2_gdm 0.817 | LR 4.11e-06
[2025-11-26 15:52:56] INFO - [Fold 2] ✓ 新的最佳 WR2: 0.6991 (Epoch 38)
[2025-11-26 15:52:59] INFO - [Fold 2] ✓ 新的最佳 Loss: 105.8193 (Epoch 38)
[2025-11-26 16:04:01] INFO - [Fold 2] Epoch 39/60 | Stage 2 | TrainLoss 496.4770 | ValLoss 104.0500 | WR2 0.7064 | R2_total 0.860 | R2_gdm 0.857 | LR 3.87e-06
[2025-11-26 16:04:07] INFO - [Fold 2] ✓ 新的最佳 WR2: 0.7064 (Epoch 39)
[2025-11-26 16:04:10] INFO - [Fold 2] ✓ 新的最佳 Loss: 104.0500 (Epoch 39)
[2025-11-26 16:15:13] INFO - [Fold 2] Epoch 40/60 | Stage 2 | TrainLoss 499.8197 | ValLoss 111.7280 | WR2 0.7039 | R2_total 0.853 | R2_gdm 0.831 | LR 3.63e-06
[2025-11-26 16:26:21] INFO - [Fold 2] Epoch 41/60 | Stage 2 | TrainLoss 499.9181 | ValLoss 108.3124 | WR2 0.7088 | R2_total 0.852 | R2_gdm 0.854 | LR 3.40e-06
[2025-11-26 16:26:27] INFO - [Fold 2] ✓ 新的最佳 WR2: 0.7088 (Epoch 41)
[2025-11-26 16:37:31] INFO - [Fold 2] Epoch 42/60 | Stage 2 | TrainLoss 498.5147 | ValLoss 93.8869 | WR2 0.7240 | R2_total 0.871 | R2_gdm 0.869 | LR 3.18e-06
[2025-11-26 16:37:36] INFO - [Fold 2] ✓ 新的最佳 WR2: 0.7240 (Epoch 42)
[2025-11-26 16:37:39] INFO - [Fold 2] ✓ 新的最佳 Loss: 93.8869 (Epoch 42)
[2025-11-26 16:48:42] INFO - [Fold 2] Epoch 43/60 | Stage 2 | TrainLoss 490.3609 | ValLoss 104.8027 | WR2 0.7103 | R2_total 0.850 | R2_gdm 0.858 | LR 2.96e-06
[2025-11-26 16:59:49] INFO - [Fold 2] Epoch 44/60 | Stage 2 | TrainLoss 490.2089 | ValLoss 96.6615 | WR2 0.7297 | R2_total 0.871 | R2_gdm 0.859 | LR 2.75e-06
[2025-11-26 16:59:54] INFO - [Fold 2] ✓ 新的最佳 WR2: 0.7297 (Epoch 44)
[2025-11-26 17:10:57] INFO - [Fold 2] Epoch 45/60 | Stage 2 | TrainLoss 488.1378 | ValLoss 94.9161 | WR2 0.7371 | R2_total 0.870 | R2_gdm 0.874 | LR 2.55e-06
[2025-11-26 17:11:02] INFO - [Fold 2] ✓ 新的最佳 WR2: 0.7371 (Epoch 45)
[2025-11-26 17:22:08] INFO - [Fold 2] Epoch 46/60 | Stage 2 | TrainLoss 487.3420 | ValLoss 105.8408 | WR2 0.7203 | R2_total 0.851 | R2_gdm 0.823 | LR 2.36e-06
[2025-11-26 17:33:15] INFO - [Fold 2] Epoch 47/60 | Stage 2 | TrainLoss 488.5845 | ValLoss 98.1478 | WR2 0.7303 | R2_total 0.862 | R2_gdm 0.857 | LR 2.18e-06
[2025-11-26 17:44:23] INFO - [Fold 2] Epoch 48/60 | Stage 2 | TrainLoss 488.0355 | ValLoss 102.8485 | WR2 0.7237 | R2_total 0.855 | R2_gdm 0.853 | LR 2.02e-06
[2025-11-26 17:55:30] INFO - [Fold 2] Epoch 49/60 | Stage 2 | TrainLoss 483.2618 | ValLoss 93.4698 | WR2 0.7403 | R2_total 0.869 | R2_gdm 0.865 | LR 1.86e-06
[2025-11-26 17:55:35] INFO - [Fold 2] ✓ 新的最佳 WR2: 0.7403 (Epoch 49)
[2025-11-26 17:55:38] INFO - [Fold 2] ✓ 新的最佳 Loss: 93.4698 (Epoch 49)
[2025-11-26 18:06:43] INFO - [Fold 2] Epoch 50/60 | Stage 2 | TrainLoss 484.9045 | ValLoss 99.6940 | WR2 0.7332 | R2_total 0.861 | R2_gdm 0.841 | LR 1.71e-06
[2025-11-26 18:17:48] INFO - [Fold 2] Epoch 51/60 | Stage 2 | TrainLoss 460.2622 | ValLoss 91.0606 | WR2 0.7480 | R2_total 0.875 | R2_gdm 0.866 | LR 1.58e-06
[2025-11-26 18:17:53] INFO - [Fold 2] ✓ 新的最佳 WR2: 0.7480 (Epoch 51)
[2025-11-26 18:17:56] INFO - [Fold 2] ✓ 新的最佳 Loss: 91.0606 (Epoch 51)
[2025-11-26 18:28:58] INFO - [Fold 2] Epoch 52/60 | Stage 2 | TrainLoss 481.6624 | ValLoss 91.6469 | WR2 0.7456 | R2_total 0.871 | R2_gdm 0.864 | LR 1.46e-06
[2025-11-26 18:40:05] INFO - [Fold 2] Epoch 53/60 | Stage 2 | TrainLoss 473.8469 | ValLoss 91.6387 | WR2 0.7483 | R2_total 0.873 | R2_gdm 0.864 | LR 1.35e-06
[2025-11-26 18:40:10] INFO - [Fold 2] ✓ 新的最佳 WR2: 0.7483 (Epoch 53)
[2025-11-26 18:51:15] INFO - [Fold 2] Epoch 54/60 | Stage 2 | TrainLoss 476.5230 | ValLoss 90.2660 | WR2 0.7493 | R2_total 0.873 | R2_gdm 0.869 | LR 1.26e-06
[2025-11-26 18:51:20] INFO - [Fold 2] ✓ 新的最佳 WR2: 0.7493 (Epoch 54)
[2025-11-26 18:51:23] INFO - [Fold 2] ✓ 新的最佳 Loss: 90.2660 (Epoch 54)
[2025-11-26 19:02:29] INFO - [Fold 2] Epoch 55/60 | Stage 2 | TrainLoss 478.1265 | ValLoss 95.4524 | WR2 0.7436 | R2_total 0.863 | R2_gdm 0.868 | LR 1.18e-06
[2025-11-26 19:13:35] INFO - [Fold 2] Epoch 56/60 | Stage 2 | TrainLoss 478.1704 | ValLoss 93.5367 | WR2 0.7446 | R2_total 0.867 | R2_gdm 0.868 | LR 1.12e-06
[2025-11-26 19:24:43] INFO - [Fold 2] Epoch 57/60 | Stage 2 | TrainLoss 473.3872 | ValLoss 94.0487 | WR2 0.7455 | R2_total 0.869 | R2_gdm 0.861 | LR 1.07e-06
[2025-11-26 19:35:49] INFO - [Fold 2] Epoch 58/60 | Stage 2 | TrainLoss 477.0490 | ValLoss 93.0873 | WR2 0.7464 | R2_total 0.868 | R2_gdm 0.863 | LR 1.03e-06
[2025-11-26 19:46:56] INFO - [Fold 2] Epoch 59/60 | Stage 2 | TrainLoss 476.2002 | ValLoss 92.3166 | WR2 0.7488 | R2_total 0.869 | R2_gdm 0.865 | LR 1.01e-06
[2025-11-26 19:58:02] INFO - [Fold 2] Epoch 60/60 | Stage 2 | TrainLoss 475.2275 | ValLoss 91.7481 | WR2 0.7470 | R2_total 0.867 | R2_gdm 0.869 | LR 1.00e-06
[2025-11-26 19:58:04] INFO - [Fold 2] ✓ 训练历史已保存: /home/aaa/Kaggle-Series-Competition/CSIRO-Image2Biomass-Prediction/experiments/v4_crosspvt_t2t_mamba/fold_2/metrics.csv
[2025-11-26 19:58:04] INFO - ================================================================================
[2025-11-26 19:58:04] INFO - [Fold 2] 训练完成总结
[2025-11-26 19:58:04] INFO -   总 Epochs: 60
[2025-11-26 19:58:04] INFO -   最佳 WR2: 0.7493
[2025-11-26 19:58:04] INFO -   最佳 Loss: 90.2660
[2025-11-26 19:58:04] INFO -   最终 Epoch 60 指标:
[2025-11-26 19:58:04] INFO -     Train Loss: 475.2275
[2025-11-26 19:58:04] INFO -     Val Loss: 91.7481
[2025-11-26 19:58:04] INFO -     Val WR2: 0.7470
[2025-11-26 19:58:04] INFO -     val_r2_Dry_Green_g: 0.8446
[2025-11-26 19:58:04] INFO -     val_r2_Dry_Dead_g: 0.4527
[2025-11-26 19:58:04] INFO -     val_r2_Dry_Clover_g: 0.0985
[2025-11-26 19:58:04] INFO -     val_r2_GDM_g: 0.8690
[2025-11-26 19:58:04] INFO -     val_r2_Dry_Total_g: 0.8672
[2025-11-26 19:58:04] INFO -   Checkpoints:
[2025-11-26 19:58:04] INFO -     last.pt: /home/aaa/Kaggle-Series-Competition/CSIRO-Image2Biomass-Prediction/experiments/v4_crosspvt_t2t_mamba/fold_2/checkpoints/last.pt
[2025-11-26 19:58:04] INFO -     best_wr2.pt: /home/aaa/Kaggle-Series-Competition/CSIRO-Image2Biomass-Prediction/experiments/v4_crosspvt_t2t_mamba/fold_2/checkpoints/best_wr2.pt
[2025-11-26 19:58:04] INFO -     best_loss.pt: /home/aaa/Kaggle-Series-Competition/CSIRO-Image2Biomass-Prediction/experiments/v4_crosspvt_t2t_mamba/fold_2/checkpoints/best_loss.pt
[2025-11-26 19:58:04] INFO - ================================================================================
[2025-11-26 19:58:15] INFO - [Fold 2] SwanLab run 已结束
[2025-11-26 19:58:15] INFO - ✓ Fold 2 训练完成
[2025-11-26 19:58:15] INFO - 等待 3 秒后继续下一个 fold...
[2025-11-26 19:58:18] INFO - ================================================================================
[2025-11-26 19:58:18] INFO - 开始训练 Fold 3/4
[2025-11-26 19:58:18] INFO - ================================================================================
[2025-11-26 19:58:18] INFO - [Fold 3] 训练集: 286 样本 | 验证集: 71 样本
[2025-11-26 19:58:21] INFO - ✅ 使用 DINO 主干: vit_base_patch14_dinov2 | global_pool=token | feat_dim=768 | input_res=518
[2025-11-26 19:58:22] INFO - [Fold 3] Backbone: vit_base_patch14_dinov2 | 输入分辨率: 518
[2025-11-26 19:58:22] INFO - [Fold 3] Params: total=140.55M, trainable=140.55M
[2025-11-26 19:58:22] INFO - [Fold 3] 使用多 GPU (DataParallel)
[2025-11-26 19:58:22] INFO - [Fold 3] 未找到 checkpoint，从头开始训练
[2025-11-26 19:58:24] INFO - [Fold 3] SwanLab run_id 已保存: k5mg82rr2wv0e1znnucht
[2025-11-26 19:58:24] INFO - [Fold 3] 训练开始，起始 epoch=1，stage=1
[2025-11-26 20:02:17] INFO - [Fold 3] Epoch 1/60 | Stage 1 | TrainLoss 1754.8250 | ValLoss 766.9718 | WR2 -0.0753 | R2_total -0.006 | R2_gdm -0.090 | LR 1.00e-04
[2025-11-26 20:02:19] INFO - [Fold 3] ✓ 新的最佳 WR2: -0.0753 (Epoch 1)
[2025-11-26 20:02:20] INFO - [Fold 3] ✓ 新的最佳 Loss: 766.9718 (Epoch 1)
[2025-11-26 20:06:15] INFO - [Fold 3] Epoch 2/60 | Stage 1 | TrainLoss 961.0358 | ValLoss 385.3148 | WR2 0.3673 | R2_total 0.512 | R2_gdm 0.476 | LR 1.00e-04
[2025-11-26 20:06:18] INFO - [Fold 3] ✓ 新的最佳 WR2: 0.3673 (Epoch 2)
[2025-11-26 20:06:19] INFO - [Fold 3] ✓ 新的最佳 Loss: 385.3148 (Epoch 2)
[2025-11-26 20:10:12] INFO - [Fold 3] Epoch 3/60 | Stage 1 | TrainLoss 722.3859 | ValLoss 304.5167 | WR2 0.4644 | R2_total 0.596 | R2_gdm 0.632 | LR 1.00e-04
[2025-11-26 20:10:15] INFO - [Fold 3] ✓ 新的最佳 WR2: 0.4644 (Epoch 3)
[2025-11-26 20:10:17] INFO - [Fold 3] ✓ 新的最佳 Loss: 304.5167 (Epoch 3)
[2025-11-26 20:14:10] INFO - [Fold 3] Epoch 4/60 | Stage 1 | TrainLoss 669.5161 | ValLoss 276.0985 | WR2 0.4711 | R2_total 0.603 | R2_gdm 0.726 | LR 1.00e-04
[2025-11-26 20:14:13] INFO - [Fold 3] ✓ 新的最佳 WR2: 0.4711 (Epoch 4)
[2025-11-26 20:14:14] INFO - [Fold 3] ✓ 新的最佳 Loss: 276.0985 (Epoch 4)
[2025-11-26 20:18:09] INFO - [Fold 3] Epoch 5/60 | Stage 1 | TrainLoss 640.3645 | ValLoss 248.3554 | WR2 0.5427 | R2_total 0.657 | R2_gdm 0.758 | LR 1.00e-04
[2025-11-26 20:18:12] INFO - [Fold 3] ✓ 新的最佳 WR2: 0.5427 (Epoch 5)
[2025-11-26 20:18:14] INFO - [Fold 3] ✓ 新的最佳 Loss: 248.3554 (Epoch 5)
[2025-11-26 20:18:14] INFO - [Fold 3] 进入 Stage 2（解冻）
[2025-11-26 20:29:25] INFO - [Fold 3] Epoch 6/60 | Stage 2 | TrainLoss 846.4958 | ValLoss 337.9862 | WR2 0.4389 | R2_total 0.546 | R2_gdm 0.583 | LR 9.99e-06
[2025-11-26 20:40:34] INFO - [Fold 3] Epoch 7/60 | Stage 2 | TrainLoss 676.4944 | ValLoss 294.3249 | WR2 0.4914 | R2_total 0.600 | R2_gdm 0.675 | LR 9.97e-06
[2025-11-26 20:51:45] INFO - [Fold 3] Epoch 8/60 | Stage 2 | TrainLoss 632.2381 | ValLoss 279.3976 | WR2 0.4991 | R2_total 0.611 | R2_gdm 0.715 | LR 9.93e-06
[2025-11-26 21:02:56] INFO - [Fold 3] Epoch 9/60 | Stage 2 | TrainLoss 632.8229 | ValLoss 269.5183 | WR2 0.5017 | R2_total 0.607 | R2_gdm 0.756 | LR 9.88e-06
[2025-11-26 21:14:05] INFO - [Fold 3] Epoch 10/60 | Stage 2 | TrainLoss 621.6274 | ValLoss 302.5477 | WR2 0.4791 | R2_total 0.616 | R2_gdm 0.611 | LR 9.82e-06
[2025-11-26 21:25:14] INFO - [Fold 3] Epoch 11/60 | Stage 2 | TrainLoss 615.3120 | ValLoss 328.4297 | WR2 0.4413 | R2_total 0.564 | R2_gdm 0.577 | LR 9.74e-06
[2025-11-26 21:36:24] INFO - [Fold 3] Epoch 12/60 | Stage 2 | TrainLoss 618.4111 | ValLoss 213.0914 | WR2 0.5743 | R2_total 0.717 | R2_gdm 0.755 | LR 9.65e-06
[2025-11-26 21:36:29] INFO - [Fold 3] ✓ 新的最佳 WR2: 0.5743 (Epoch 12)
[2025-11-26 21:36:31] INFO - [Fold 3] ✓ 新的最佳 Loss: 213.0914 (Epoch 12)
[2025-11-26 21:47:40] INFO - [Fold 3] Epoch 13/60 | Stage 2 | TrainLoss 633.6627 | ValLoss 216.3308 | WR2 0.5761 | R2_total 0.726 | R2_gdm 0.735 | LR 9.54e-06
[2025-11-26 21:47:45] INFO - [Fold 3] ✓ 新的最佳 WR2: 0.5761 (Epoch 13)
[2025-11-26 21:58:50] INFO - [Fold 3] Epoch 14/60 | Stage 2 | TrainLoss 573.8749 | ValLoss 242.3432 | WR2 0.5462 | R2_total 0.670 | R2_gdm 0.760 | LR 9.42e-06
[2025-11-26 22:09:58] INFO - [Fold 3] Epoch 15/60 | Stage 2 | TrainLoss 557.3902 | ValLoss 176.0099 | WR2 0.6200 | R2_total 0.779 | R2_gdm 0.832 | LR 9.29e-06
[2025-11-26 22:10:03] INFO - [Fold 3] ✓ 新的最佳 WR2: 0.6200 (Epoch 15)
[2025-11-26 22:10:06] INFO - [Fold 3] ✓ 新的最佳 Loss: 176.0099 (Epoch 15)
[2025-11-26 22:21:12] INFO - [Fold 3] Epoch 16/60 | Stage 2 | TrainLoss 561.4033 | ValLoss 271.0530 | WR2 0.5088 | R2_total 0.622 | R2_gdm 0.707 | LR 9.14e-06
[2025-11-26 22:32:22] INFO - [Fold 3] Epoch 17/60 | Stage 2 | TrainLoss 584.3207 | ValLoss 244.1050 | WR2 0.5494 | R2_total 0.692 | R2_gdm 0.699 | LR 8.98e-06
[2025-11-26 22:43:29] INFO - [Fold 3] Epoch 18/60 | Stage 2 | TrainLoss 533.7076 | ValLoss 268.7053 | WR2 0.5201 | R2_total 0.654 | R2_gdm 0.671 | LR 8.82e-06
[2025-11-26 22:54:37] INFO - [Fold 3] Epoch 19/60 | Stage 2 | TrainLoss 540.1696 | ValLoss 222.5178 | WR2 0.5688 | R2_total 0.707 | R2_gdm 0.751 | LR 8.64e-06
[2025-11-26 23:05:44] INFO - [Fold 3] Epoch 20/60 | Stage 2 | TrainLoss 520.1458 | ValLoss 208.2060 | WR2 0.5828 | R2_total 0.714 | R2_gdm 0.788 | LR 8.45e-06
[2025-11-26 23:16:52] INFO - [Fold 3] Epoch 21/60 | Stage 2 | TrainLoss 539.9461 | ValLoss 224.7172 | WR2 0.5681 | R2_total 0.706 | R2_gdm 0.730 | LR 8.25e-06
[2025-11-26 23:28:02] INFO - [Fold 3] Epoch 22/60 | Stage 2 | TrainLoss 525.8671 | ValLoss 238.6684 | WR2 0.5507 | R2_total 0.705 | R2_gdm 0.681 | LR 8.04e-06
[2025-11-26 23:39:11] INFO - [Fold 3] Epoch 23/60 | Stage 2 | TrainLoss 531.5481 | ValLoss 258.3746 | WR2 0.5364 | R2_total 0.676 | R2_gdm 0.658 | LR 7.82e-06
[2025-11-26 23:50:18] INFO - [Fold 3] Epoch 24/60 | Stage 2 | TrainLoss 513.1658 | ValLoss 203.3521 | WR2 0.5939 | R2_total 0.757 | R2_gdm 0.736 | LR 7.60e-06
[2025-11-27 00:01:25] INFO - [Fold 3] Epoch 25/60 | Stage 2 | TrainLoss 507.9558 | ValLoss 223.6779 | WR2 0.5687 | R2_total 0.719 | R2_gdm 0.718 | LR 7.37e-06
[2025-11-27 00:12:35] INFO - [Fold 3] Epoch 26/60 | Stage 2 | TrainLoss 496.6935 | ValLoss 257.6266 | WR2 0.5371 | R2_total 0.669 | R2_gdm 0.683 | LR 7.13e-06
[2025-11-27 00:23:43] INFO - [Fold 3] Epoch 27/60 | Stage 2 | TrainLoss 504.4829 | ValLoss 204.3515 | WR2 0.5963 | R2_total 0.735 | R2_gdm 0.765 | LR 6.89e-06
[2025-11-27 00:34:51] INFO - [Fold 3] Epoch 28/60 | Stage 2 | TrainLoss 499.1198 | ValLoss 199.5924 | WR2 0.6010 | R2_total 0.744 | R2_gdm 0.766 | LR 6.64e-06
[2025-11-27 00:45:57] INFO - [Fold 3] Epoch 29/60 | Stage 2 | TrainLoss 497.5447 | ValLoss 278.2860 | WR2 0.5178 | R2_total 0.643 | R2_gdm 0.633 | LR 6.39e-06
[2025-11-27 00:57:03] INFO - [Fold 3] Epoch 30/60 | Stage 2 | TrainLoss 494.8230 | ValLoss 206.3551 | WR2 0.5962 | R2_total 0.732 | R2_gdm 0.758 | LR 6.14e-06
[2025-11-27 01:08:07] INFO - [Fold 3] Epoch 31/60 | Stage 2 | TrainLoss 490.9606 | ValLoss 193.0049 | WR2 0.6144 | R2_total 0.746 | R2_gdm 0.781 | LR 5.89e-06
[2025-11-27 01:19:13] INFO - [Fold 3] Epoch 32/60 | Stage 2 | TrainLoss 483.9116 | ValLoss 286.2408 | WR2 0.5143 | R2_total 0.632 | R2_gdm 0.615 | LR 5.63e-06
[2025-11-27 01:30:19] INFO - [Fold 3] Epoch 33/60 | Stage 2 | TrainLoss 496.1443 | ValLoss 170.6399 | WR2 0.6538 | R2_total 0.789 | R2_gdm 0.797 | LR 5.37e-06
[2025-11-27 01:30:25] INFO - [Fold 3] ✓ 新的最佳 WR2: 0.6538 (Epoch 33)
[2025-11-27 01:30:27] INFO - [Fold 3] ✓ 新的最佳 Loss: 170.6399 (Epoch 33)
[2025-11-27 01:41:32] INFO - [Fold 3] Epoch 34/60 | Stage 2 | TrainLoss 483.6232 | ValLoss 197.0190 | WR2 0.6264 | R2_total 0.746 | R2_gdm 0.772 | LR 5.11e-06
[2025-11-27 01:52:39] INFO - [Fold 3] Epoch 35/60 | Stage 2 | TrainLoss 475.5362 | ValLoss 206.7640 | WR2 0.6176 | R2_total 0.731 | R2_gdm 0.755 | LR 4.86e-06
[2025-11-27 02:03:45] INFO - [Fold 3] Epoch 36/60 | Stage 2 | TrainLoss 470.8233 | ValLoss 232.6291 | WR2 0.5923 | R2_total 0.704 | R2_gdm 0.696 | LR 4.61e-06
[2025-11-27 02:14:50] INFO - [Fold 3] Epoch 37/60 | Stage 2 | TrainLoss 468.6918 | ValLoss 210.0146 | WR2 0.6216 | R2_total 0.727 | R2_gdm 0.741 | LR 4.36e-06
[2025-11-27 02:25:56] INFO - [Fold 3] Epoch 38/60 | Stage 2 | TrainLoss 464.5466 | ValLoss 204.6182 | WR2 0.6322 | R2_total 0.728 | R2_gdm 0.744 | LR 4.11e-06
[2025-11-27 02:37:04] INFO - [Fold 3] Epoch 39/60 | Stage 2 | TrainLoss 473.3902 | ValLoss 197.9657 | WR2 0.6437 | R2_total 0.739 | R2_gdm 0.764 | LR 3.87e-06
[2025-11-27 02:48:11] INFO - [Fold 3] Epoch 40/60 | Stage 2 | TrainLoss 463.5309 | ValLoss 222.2008 | WR2 0.6144 | R2_total 0.704 | R2_gdm 0.728 | LR 3.63e-06
[2025-11-27 02:59:20] INFO - [Fold 3] Epoch 41/60 | Stage 2 | TrainLoss 456.0429 | ValLoss 199.1665 | WR2 0.6439 | R2_total 0.740 | R2_gdm 0.752 | LR 3.40e-06
[2025-11-27 03:10:30] INFO - [Fold 3] Epoch 42/60 | Stage 2 | TrainLoss 450.8294 | ValLoss 176.7864 | WR2 0.6745 | R2_total 0.770 | R2_gdm 0.786 | LR 3.18e-06
[2025-11-27 03:10:35] INFO - [Fold 3] ✓ 新的最佳 WR2: 0.6745 (Epoch 42)
[2025-11-27 03:21:43] INFO - [Fold 3] Epoch 43/60 | Stage 2 | TrainLoss 455.7659 | ValLoss 183.4071 | WR2 0.6679 | R2_total 0.759 | R2_gdm 0.775 | LR 2.96e-06
[2025-11-27 03:32:50] INFO - [Fold 3] Epoch 44/60 | Stage 2 | TrainLoss 449.8732 | ValLoss 198.1177 | WR2 0.6527 | R2_total 0.739 | R2_gdm 0.761 | LR 2.75e-06
[2025-11-27 03:43:58] INFO - [Fold 3] Epoch 45/60 | Stage 2 | TrainLoss 451.8346 | ValLoss 177.0825 | WR2 0.6775 | R2_total 0.771 | R2_gdm 0.782 | LR 2.55e-06
[2025-11-27 03:44:04] INFO - [Fold 3] ✓ 新的最佳 WR2: 0.6775 (Epoch 45)
[2025-11-27 03:55:09] INFO - [Fold 3] Epoch 46/60 | Stage 2 | TrainLoss 450.4539 | ValLoss 176.6824 | WR2 0.6790 | R2_total 0.767 | R2_gdm 0.785 | LR 2.36e-06
[2025-11-27 03:55:14] INFO - [Fold 3] ✓ 新的最佳 WR2: 0.6790 (Epoch 46)
[2025-11-27 04:06:19] INFO - [Fold 3] Epoch 47/60 | Stage 2 | TrainLoss 447.7772 | ValLoss 165.1160 | WR2 0.6908 | R2_total 0.791 | R2_gdm 0.792 | LR 2.18e-06
[2025-11-27 04:06:24] INFO - [Fold 3] ✓ 新的最佳 WR2: 0.6908 (Epoch 47)
[2025-11-27 04:06:27] INFO - [Fold 3] ✓ 新的最佳 Loss: 165.1160 (Epoch 47)
[2025-11-27 04:17:31] INFO - [Fold 3] Epoch 48/60 | Stage 2 | TrainLoss 444.0266 | ValLoss 182.9387 | WR2 0.6752 | R2_total 0.762 | R2_gdm 0.774 | LR 2.02e-06
[2025-11-27 04:28:40] INFO - [Fold 3] Epoch 49/60 | Stage 2 | TrainLoss 446.7713 | ValLoss 177.0300 | WR2 0.6825 | R2_total 0.768 | R2_gdm 0.783 | LR 1.86e-06
[2025-11-27 04:39:48] INFO - [Fold 3] Epoch 50/60 | Stage 2 | TrainLoss 445.1151 | ValLoss 184.9623 | WR2 0.6758 | R2_total 0.757 | R2_gdm 0.769 | LR 1.71e-06
[2025-11-27 04:50:54] INFO - [Fold 3] Epoch 51/60 | Stage 2 | TrainLoss 445.6987 | ValLoss 186.1619 | WR2 0.6715 | R2_total 0.752 | R2_gdm 0.779 | LR 1.58e-06
[2025-11-27 05:02:01] INFO - [Fold 3] Epoch 52/60 | Stage 2 | TrainLoss 446.5506 | ValLoss 178.7880 | WR2 0.6833 | R2_total 0.765 | R2_gdm 0.778 | LR 1.46e-06
[2025-11-27 05:13:09] INFO - [Fold 3] Epoch 53/60 | Stage 2 | TrainLoss 446.9834 | ValLoss 186.8858 | WR2 0.6727 | R2_total 0.753 | R2_gdm 0.776 | LR 1.35e-06
[2025-11-27 05:24:16] INFO - [Fold 3] Epoch 54/60 | Stage 2 | TrainLoss 444.3895 | ValLoss 169.9113 | WR2 0.6936 | R2_total 0.777 | R2_gdm 0.792 | LR 1.26e-06
[2025-11-27 05:24:21] INFO - [Fold 3] ✓ 新的最佳 WR2: 0.6936 (Epoch 54)
[2025-11-27 05:35:19] INFO - [Fold 3] Epoch 55/60 | Stage 2 | TrainLoss 442.4300 | ValLoss 183.7813 | WR2 0.6789 | R2_total 0.755 | R2_gdm 0.781 | LR 1.18e-06
[2025-11-27 05:46:20] INFO - [Fold 3] Epoch 56/60 | Stage 2 | TrainLoss 440.6353 | ValLoss 187.2857 | WR2 0.6774 | R2_total 0.753 | R2_gdm 0.766 | LR 1.12e-06
[2025-11-27 05:57:22] INFO - [Fold 3] Epoch 57/60 | Stage 2 | TrainLoss 440.1493 | ValLoss 196.1330 | WR2 0.6688 | R2_total 0.739 | R2_gdm 0.758 | LR 1.07e-06
[2025-11-27 06:08:26] INFO - [Fold 3] Epoch 58/60 | Stage 2 | TrainLoss 438.5830 | ValLoss 176.4474 | WR2 0.6899 | R2_total 0.765 | R2_gdm 0.785 | LR 1.03e-06
[2025-11-27 06:19:29] INFO - [Fold 3] Epoch 59/60 | Stage 2 | TrainLoss 438.3766 | ValLoss 180.0464 | WR2 0.6882 | R2_total 0.761 | R2_gdm 0.779 | LR 1.01e-06
[2025-11-27 06:30:31] INFO - [Fold 3] Epoch 60/60 | Stage 2 | TrainLoss 440.4146 | ValLoss 185.2146 | WR2 0.6825 | R2_total 0.756 | R2_gdm 0.769 | LR 1.00e-06
[2025-11-27 06:30:33] INFO - [Fold 3] ✓ 训练历史已保存: /home/aaa/Kaggle-Series-Competition/CSIRO-Image2Biomass-Prediction/experiments/v4_crosspvt_t2t_mamba/fold_3/metrics.csv
[2025-11-27 06:30:33] INFO - ================================================================================
[2025-11-27 06:30:33] INFO - [Fold 3] 训练完成总结
[2025-11-27 06:30:33] INFO -   总 Epochs: 60
[2025-11-27 06:30:33] INFO -   最佳 WR2: 0.6936
[2025-11-27 06:30:33] INFO -   最佳 Loss: 165.1160
[2025-11-27 06:30:33] INFO -   最终 Epoch 60 指标:
[2025-11-27 06:30:33] INFO -     Train Loss: 440.4146
[2025-11-27 06:30:33] INFO -     Val Loss: 185.2146
[2025-11-27 06:30:33] INFO -     Val WR2: 0.6825
[2025-11-27 06:30:33] INFO -     val_r2_Dry_Green_g: 0.7379
[2025-11-27 06:30:33] INFO -     val_r2_Dry_Dead_g: 0.6314
[2025-11-27 06:30:33] INFO -     val_r2_Dry_Clover_g: 0.1395
[2025-11-27 06:30:33] INFO -     val_r2_GDM_g: 0.7690
[2025-11-27 06:30:33] INFO -     val_r2_Dry_Total_g: 0.7557
[2025-11-27 06:30:33] INFO -   Checkpoints:
[2025-11-27 06:30:33] INFO -     last.pt: /home/aaa/Kaggle-Series-Competition/CSIRO-Image2Biomass-Prediction/experiments/v4_crosspvt_t2t_mamba/fold_3/checkpoints/last.pt
[2025-11-27 06:30:33] INFO -     best_wr2.pt: /home/aaa/Kaggle-Series-Competition/CSIRO-Image2Biomass-Prediction/experiments/v4_crosspvt_t2t_mamba/fold_3/checkpoints/best_wr2.pt
[2025-11-27 06:30:33] INFO -     best_loss.pt: /home/aaa/Kaggle-Series-Competition/CSIRO-Image2Biomass-Prediction/experiments/v4_crosspvt_t2t_mamba/fold_3/checkpoints/best_loss.pt
[2025-11-27 06:30:33] INFO - ================================================================================
[2025-11-27 06:30:35] INFO - [Fold 3] SwanLab run 已结束
[2025-11-27 06:30:35] INFO - ✓ Fold 3 训练完成
[2025-11-27 06:30:36] INFO - 等待 3 秒后继续下一个 fold...
[2025-11-27 06:30:39] INFO - ================================================================================
[2025-11-27 06:30:39] INFO - 开始训练 Fold 4/4
[2025-11-27 06:30:39] INFO - ================================================================================
[2025-11-27 06:30:39] INFO - [Fold 4] 训练集: 286 样本 | 验证集: 71 样本
[2025-11-27 06:30:42] INFO - ✅ 使用 DINO 主干: vit_base_patch14_dinov2 | global_pool=token | feat_dim=768 | input_res=518
[2025-11-27 06:30:42] INFO - [Fold 4] Backbone: vit_base_patch14_dinov2 | 输入分辨率: 518
[2025-11-27 06:30:42] INFO - [Fold 4] Params: total=140.55M, trainable=140.55M
[2025-11-27 06:30:43] INFO - [Fold 4] 使用多 GPU (DataParallel)
[2025-11-27 06:30:43] INFO - [Fold 4] 未找到 checkpoint，从头开始训练
[2025-11-27 06:30:48] INFO - [Fold 4] SwanLab run_id 已保存: wf3ogctbao20zjou8twss
[2025-11-27 06:30:48] INFO - [Fold 4] 训练开始，起始 epoch=1，stage=1
[2025-11-27 06:34:39] INFO - [Fold 4] Epoch 1/60 | Stage 1 | TrainLoss 1734.8454 | ValLoss 455.4434 | WR2 0.0376 | R2_total 0.076 | R2_gdm 0.047 | LR 1.00e-04
[2025-11-27 06:34:41] INFO - [Fold 4] ✓ 新的最佳 WR2: 0.0376 (Epoch 1)
[2025-11-27 06:34:42] INFO - [Fold 4] ✓ 新的最佳 Loss: 455.4434 (Epoch 1)
[2025-11-27 06:38:34] INFO - [Fold 4] Epoch 2/60 | Stage 1 | TrainLoss 1100.2107 | ValLoss 257.7701 | WR2 0.4072 | R2_total 0.553 | R2_gdm 0.424 | LR 1.00e-04
[2025-11-27 06:38:38] INFO - [Fold 4] ✓ 新的最佳 WR2: 0.4072 (Epoch 2)
[2025-11-27 06:38:39] INFO - [Fold 4] ✓ 新的最佳 Loss: 257.7701 (Epoch 2)
[2025-11-27 06:42:31] INFO - [Fold 4] Epoch 3/60 | Stage 1 | TrainLoss 794.4243 | ValLoss 270.6583 | WR2 0.3700 | R2_total 0.570 | R2_gdm 0.392 | LR 1.00e-04
[2025-11-27 06:46:25] INFO - [Fold 4] Epoch 4/60 | Stage 1 | TrainLoss 721.2245 | ValLoss 201.7265 | WR2 0.5030 | R2_total 0.664 | R2_gdm 0.662 | LR 1.00e-04
[2025-11-27 06:46:28] INFO - [Fold 4] ✓ 新的最佳 WR2: 0.5030 (Epoch 4)
[2025-11-27 06:46:29] INFO - [Fold 4] ✓ 新的最佳 Loss: 201.7265 (Epoch 4)
[2025-11-27 06:50:20] INFO - [Fold 4] Epoch 5/60 | Stage 1 | TrainLoss 720.6156 | ValLoss 206.8922 | WR2 0.4944 | R2_total 0.659 | R2_gdm 0.630 | LR 1.00e-04
[2025-11-27 06:50:22] INFO - [Fold 4] 进入 Stage 2（解冻）
[2025-11-27 07:01:25] INFO - [Fold 4] Epoch 6/60 | Stage 2 | TrainLoss 753.7778 | ValLoss 182.8542 | WR2 0.5408 | R2_total 0.710 | R2_gdm 0.746 | LR 9.99e-06
[2025-11-27 07:01:30] INFO - [Fold 4] ✓ 新的最佳 WR2: 0.5408 (Epoch 6)
[2025-11-27 07:01:32] INFO - [Fold 4] ✓ 新的最佳 Loss: 182.8542 (Epoch 6)
[2025-11-27 07:12:34] INFO - [Fold 4] Epoch 7/60 | Stage 2 | TrainLoss 749.0372 | ValLoss 189.7430 | WR2 0.5280 | R2_total 0.724 | R2_gdm 0.531 | LR 9.97e-06
[2025-11-27 07:23:37] INFO - [Fold 4] Epoch 8/60 | Stage 2 | TrainLoss 684.1632 | ValLoss 310.9747 | WR2 0.3104 | R2_total 0.432 | R2_gdm 0.225 | LR 9.93e-06
[2025-11-27 07:34:37] INFO - [Fold 4] Epoch 9/60 | Stage 2 | TrainLoss 681.3017 | ValLoss 179.9468 | WR2 0.5473 | R2_total 0.732 | R2_gdm 0.639 | LR 9.88e-06
[2025-11-27 07:34:42] INFO - [Fold 4] ✓ 新的最佳 WR2: 0.5473 (Epoch 9)
[2025-11-27 07:34:45] INFO - [Fold 4] ✓ 新的最佳 Loss: 179.9468 (Epoch 9)
[2025-11-27 07:45:45] INFO - [Fold 4] Epoch 10/60 | Stage 2 | TrainLoss 637.9955 | ValLoss 165.3699 | WR2 0.5701 | R2_total 0.772 | R2_gdm 0.658 | LR 9.82e-06
[2025-11-27 07:45:50] INFO - [Fold 4] ✓ 新的最佳 WR2: 0.5701 (Epoch 10)
[2025-11-27 07:45:53] INFO - [Fold 4] ✓ 新的最佳 Loss: 165.3699 (Epoch 10)
[2025-11-27 07:56:56] INFO - [Fold 4] Epoch 11/60 | Stage 2 | TrainLoss 645.3189 | ValLoss 214.2637 | WR2 0.4783 | R2_total 0.702 | R2_gdm 0.360 | LR 9.74e-06
[2025-11-27 08:08:01] INFO - [Fold 4] Epoch 12/60 | Stage 2 | TrainLoss 661.9565 | ValLoss 227.8697 | WR2 0.4461 | R2_total 0.662 | R2_gdm 0.531 | LR 9.65e-06
[2025-11-27 08:19:02] INFO - [Fold 4] Epoch 13/60 | Stage 2 | TrainLoss 652.6087 | ValLoss 193.2793 | WR2 0.5242 | R2_total 0.711 | R2_gdm 0.587 | LR 9.54e-06
[2025-11-27 08:30:05] INFO - [Fold 4] Epoch 14/60 | Stage 2 | TrainLoss 621.3768 | ValLoss 208.0373 | WR2 0.4856 | R2_total 0.701 | R2_gdm 0.585 | LR 9.42e-06
[2025-11-27 08:41:09] INFO - [Fold 4] Epoch 15/60 | Stage 2 | TrainLoss 614.6113 | ValLoss 183.1535 | WR2 0.5394 | R2_total 0.781 | R2_gdm 0.656 | LR 9.29e-06
[2025-11-27 08:52:11] INFO - [Fold 4] Epoch 16/60 | Stage 2 | TrainLoss 589.9530 | ValLoss 154.3225 | WR2 0.5915 | R2_total 0.778 | R2_gdm 0.775 | LR 9.14e-06
[2025-11-27 08:52:16] INFO - [Fold 4] ✓ 新的最佳 WR2: 0.5915 (Epoch 16)
[2025-11-27 08:52:19] INFO - [Fold 4] ✓ 新的最佳 Loss: 154.3225 (Epoch 16)
[2025-11-27 09:03:21] INFO - [Fold 4] Epoch 17/60 | Stage 2 | TrainLoss 597.7080 | ValLoss 193.0940 | WR2 0.5197 | R2_total 0.729 | R2_gdm 0.646 | LR 8.98e-06
[2025-11-27 09:14:26] INFO - [Fold 4] Epoch 18/60 | Stage 2 | TrainLoss 569.6841 | ValLoss 163.9150 | WR2 0.5692 | R2_total 0.802 | R2_gdm 0.634 | LR 8.82e-06
[2025-11-27 09:25:31] INFO - [Fold 4] Epoch 19/60 | Stage 2 | TrainLoss 580.2103 | ValLoss 166.8601 | WR2 0.5682 | R2_total 0.772 | R2_gdm 0.645 | LR 8.64e-06
[2025-11-27 09:36:36] INFO - [Fold 4] Epoch 20/60 | Stage 2 | TrainLoss 566.2992 | ValLoss 161.2935 | WR2 0.5794 | R2_total 0.794 | R2_gdm 0.691 | LR 8.45e-06
[2025-11-27 09:47:40] INFO - [Fold 4] Epoch 21/60 | Stage 2 | TrainLoss 598.9107 | ValLoss 183.3705 | WR2 0.5429 | R2_total 0.740 | R2_gdm 0.665 | LR 8.25e-06
[2025-11-27 09:58:47] INFO - [Fold 4] Epoch 22/60 | Stage 2 | TrainLoss 581.8701 | ValLoss 157.8540 | WR2 0.5837 | R2_total 0.799 | R2_gdm 0.712 | LR 8.04e-06
[2025-11-27 10:09:51] INFO - [Fold 4] Epoch 23/60 | Stage 2 | TrainLoss 544.4671 | ValLoss 165.8546 | WR2 0.5695 | R2_total 0.795 | R2_gdm 0.597 | LR 7.82e-06
[2025-11-27 10:20:58] INFO - [Fold 4] Epoch 24/60 | Stage 2 | TrainLoss 549.8225 | ValLoss 169.6239 | WR2 0.5732 | R2_total 0.770 | R2_gdm 0.631 | LR 7.60e-06
[2025-11-27 10:32:03] INFO - [Fold 4] Epoch 25/60 | Stage 2 | TrainLoss 536.4587 | ValLoss 161.3480 | WR2 0.5882 | R2_total 0.798 | R2_gdm 0.666 | LR 7.37e-06
[2025-11-27 10:43:08] INFO - [Fold 4] Epoch 26/60 | Stage 2 | TrainLoss 538.5227 | ValLoss 188.4463 | WR2 0.5397 | R2_total 0.730 | R2_gdm 0.589 | LR 7.13e-06
[2025-11-27 10:54:14] INFO - [Fold 4] Epoch 27/60 | Stage 2 | TrainLoss 537.5729 | ValLoss 184.5823 | WR2 0.5502 | R2_total 0.718 | R2_gdm 0.615 | LR 6.89e-06
[2025-11-27 11:05:18] INFO - [Fold 4] Epoch 28/60 | Stage 2 | TrainLoss 533.6159 | ValLoss 154.7361 | WR2 0.6021 | R2_total 0.811 | R2_gdm 0.662 | LR 6.64e-06
[2025-11-27 11:05:23] INFO - [Fold 4] ✓ 新的最佳 WR2: 0.6021 (Epoch 28)
[2025-11-27 11:16:25] INFO - [Fold 4] Epoch 29/60 | Stage 2 | TrainLoss 528.7263 | ValLoss 156.7850 | WR2 0.6028 | R2_total 0.799 | R2_gdm 0.654 | LR 6.39e-06
[2025-11-27 11:16:30] INFO - [Fold 4] ✓ 新的最佳 WR2: 0.6028 (Epoch 29)
[2025-11-27 11:27:34] INFO - [Fold 4] Epoch 30/60 | Stage 2 | TrainLoss 521.3641 | ValLoss 153.3490 | WR2 0.6052 | R2_total 0.823 | R2_gdm 0.674 | LR 6.14e-06
[2025-11-27 11:27:40] INFO - [Fold 4] ✓ 新的最佳 WR2: 0.6052 (Epoch 30)
[2025-11-27 11:27:42] INFO - [Fold 4] ✓ 新的最佳 Loss: 153.3490 (Epoch 30)
[2025-11-27 11:38:46] INFO - [Fold 4] Epoch 31/60 | Stage 2 | TrainLoss 492.6287 | ValLoss 168.8797 | WR2 0.5778 | R2_total 0.780 | R2_gdm 0.592 | LR 5.89e-06
[2025-11-27 11:49:52] INFO - [Fold 4] Epoch 32/60 | Stage 2 | TrainLoss 511.0919 | ValLoss 156.8534 | WR2 0.6044 | R2_total 0.802 | R2_gdm 0.640 | LR 5.63e-06
[2025-11-27 12:00:58] INFO - [Fold 4] Epoch 33/60 | Stage 2 | TrainLoss 509.3764 | ValLoss 185.7747 | WR2 0.5565 | R2_total 0.712 | R2_gdm 0.659 | LR 5.37e-06
[2025-11-27 12:12:04] INFO - [Fold 4] Epoch 34/60 | Stage 2 | TrainLoss 491.2182 | ValLoss 169.2947 | WR2 0.5949 | R2_total 0.751 | R2_gdm 0.641 | LR 5.11e-06
[2025-11-27 12:23:08] INFO - [Fold 4] Epoch 35/60 | Stage 2 | TrainLoss 504.2416 | ValLoss 144.5093 | WR2 0.6362 | R2_total 0.808 | R2_gdm 0.750 | LR 4.86e-06
[2025-11-27 12:23:20] INFO - [Fold 4] ✓ 新的最佳 WR2: 0.6362 (Epoch 35)
[2025-11-27 12:23:24] INFO - [Fold 4] ✓ 新的最佳 Loss: 144.5093 (Epoch 35)
[2025-11-27 12:34:25] INFO - [Fold 4] Epoch 36/60 | Stage 2 | TrainLoss 495.6446 | ValLoss 146.8126 | WR2 0.6380 | R2_total 0.808 | R2_gdm 0.718 | LR 4.61e-06
[2025-11-27 12:34:32] INFO - [Fold 4] ✓ 新的最佳 WR2: 0.6380 (Epoch 36)
[2025-11-27 12:45:34] INFO - [Fold 4] Epoch 37/60 | Stage 2 | TrainLoss 479.8541 | ValLoss 162.1639 | WR2 0.6089 | R2_total 0.780 | R2_gdm 0.641 | LR 4.36e-06
[2025-11-27 12:56:41] INFO - [Fold 4] Epoch 38/60 | Stage 2 | TrainLoss 479.5111 | ValLoss 148.7065 | WR2 0.6374 | R2_total 0.801 | R2_gdm 0.713 | LR 4.11e-06
[2025-11-27 13:07:47] INFO - [Fold 4] Epoch 39/60 | Stage 2 | TrainLoss 485.4321 | ValLoss 147.2982 | WR2 0.6401 | R2_total 0.810 | R2_gdm 0.688 | LR 3.87e-06
[2025-11-27 13:07:54] INFO - [Fold 4] ✓ 新的最佳 WR2: 0.6401 (Epoch 39)
[2025-11-27 13:18:58] INFO - [Fold 4] Epoch 40/60 | Stage 2 | TrainLoss 466.3539 | ValLoss 146.1182 | WR2 0.6472 | R2_total 0.803 | R2_gdm 0.735 | LR 3.63e-06
[2025-11-27 13:19:04] INFO - [Fold 4] ✓ 新的最佳 WR2: 0.6472 (Epoch 40)
[2025-11-27 13:30:08] INFO - [Fold 4] Epoch 41/60 | Stage 2 | TrainLoss 493.1882 | ValLoss 149.3086 | WR2 0.6358 | R2_total 0.794 | R2_gdm 0.721 | LR 3.40e-06
[2025-11-27 13:41:15] INFO - [Fold 4] Epoch 42/60 | Stage 2 | TrainLoss 479.7542 | ValLoss 144.8511 | WR2 0.6498 | R2_total 0.803 | R2_gdm 0.727 | LR 3.18e-06
[2025-11-27 13:41:21] INFO - [Fold 4] ✓ 新的最佳 WR2: 0.6498 (Epoch 42)
[2025-11-27 13:52:21] INFO - [Fold 4] Epoch 43/60 | Stage 2 | TrainLoss 475.3243 | ValLoss 140.8656 | WR2 0.6590 | R2_total 0.802 | R2_gdm 0.729 | LR 2.96e-06
[2025-11-27 13:52:27] INFO - [Fold 4] ✓ 新的最佳 WR2: 0.6590 (Epoch 43)
[2025-11-27 13:52:30] INFO - [Fold 4] ✓ 新的最佳 Loss: 140.8656 (Epoch 43)
[2025-11-27 14:03:30] INFO - [Fold 4] Epoch 44/60 | Stage 2 | TrainLoss 478.5309 | ValLoss 140.4402 | WR2 0.6571 | R2_total 0.802 | R2_gdm 0.736 | LR 2.75e-06
[2025-11-27 14:03:37] INFO - [Fold 4] ✓ 新的最佳 Loss: 140.4402 (Epoch 44)
[2025-11-27 14:14:39] INFO - [Fold 4] Epoch 45/60 | Stage 2 | TrainLoss 475.6401 | ValLoss 133.0954 | WR2 0.6724 | R2_total 0.817 | R2_gdm 0.771 | LR 2.55e-06
[2025-11-27 14:14:46] INFO - [Fold 4] ✓ 新的最佳 WR2: 0.6724 (Epoch 45)
[2025-11-27 14:14:49] INFO - [Fold 4] ✓ 新的最佳 Loss: 133.0954 (Epoch 45)
[2025-11-27 14:25:55] INFO - [Fold 4] Epoch 46/60 | Stage 2 | TrainLoss 474.5889 | ValLoss 139.0983 | WR2 0.6625 | R2_total 0.808 | R2_gdm 0.740 | LR 2.36e-06
[2025-11-27 14:37:04] INFO - [Fold 4] Epoch 47/60 | Stage 2 | TrainLoss 469.1772 | ValLoss 137.1262 | WR2 0.6673 | R2_total 0.809 | R2_gdm 0.742 | LR 2.18e-06
[2025-11-27 14:48:11] INFO - [Fold 4] Epoch 48/60 | Stage 2 | TrainLoss 469.6945 | ValLoss 132.2171 | WR2 0.6766 | R2_total 0.818 | R2_gdm 0.763 | LR 2.02e-06
[2025-11-27 14:48:16] INFO - [Fold 4] ✓ 新的最佳 WR2: 0.6766 (Epoch 48)
[2025-11-27 14:48:19] INFO - [Fold 4] ✓ 新的最佳 Loss: 132.2171 (Epoch 48)
[2025-11-27 14:59:24] INFO - [Fold 4] Epoch 49/60 | Stage 2 | TrainLoss 471.1173 | ValLoss 144.0912 | WR2 0.6567 | R2_total 0.794 | R2_gdm 0.724 | LR 1.86e-06
[2025-11-27 15:10:32] INFO - [Fold 4] Epoch 50/60 | Stage 2 | TrainLoss 469.2635 | ValLoss 143.4094 | WR2 0.6568 | R2_total 0.794 | R2_gdm 0.734 | LR 1.71e-06
[2025-11-27 15:21:34] INFO - [Fold 4] Epoch 51/60 | Stage 2 | TrainLoss 466.1699 | ValLoss 139.4578 | WR2 0.6673 | R2_total 0.802 | R2_gdm 0.745 | LR 1.58e-06
[2025-11-27 15:32:39] INFO - [Fold 4] Epoch 52/60 | Stage 2 | TrainLoss 461.7660 | ValLoss 140.2593 | WR2 0.6629 | R2_total 0.791 | R2_gdm 0.740 | LR 1.46e-06
[2025-11-27 15:43:47] INFO - [Fold 4] Epoch 53/60 | Stage 2 | TrainLoss 461.2503 | ValLoss 134.7381 | WR2 0.6748 | R2_total 0.816 | R2_gdm 0.752 | LR 1.35e-06
[2025-11-27 15:54:53] INFO - [Fold 4] Epoch 54/60 | Stage 2 | TrainLoss 462.9022 | ValLoss 136.4314 | WR2 0.6712 | R2_total 0.809 | R2_gdm 0.743 | LR 1.26e-06
[2025-11-27 16:05:58] INFO - [Fold 4] Epoch 55/60 | Stage 2 | TrainLoss 464.5377 | ValLoss 147.8854 | WR2 0.6506 | R2_total 0.776 | R2_gdm 0.731 | LR 1.18e-06
[2025-11-27 16:17:05] INFO - [Fold 4] Epoch 56/60 | Stage 2 | TrainLoss 458.5492 | ValLoss 140.4674 | WR2 0.6637 | R2_total 0.798 | R2_gdm 0.738 | LR 1.12e-06
[2025-11-27 16:28:10] INFO - [Fold 4] Epoch 57/60 | Stage 2 | TrainLoss 463.1460 | ValLoss 142.6839 | WR2 0.6593 | R2_total 0.788 | R2_gdm 0.725 | LR 1.07e-06
[2025-11-27 16:39:16] INFO - [Fold 4] Epoch 58/60 | Stage 2 | TrainLoss 457.2438 | ValLoss 138.3322 | WR2 0.6675 | R2_total 0.796 | R2_gdm 0.738 | LR 1.03e-06
[2025-11-27 16:50:20] INFO - [Fold 4] Epoch 59/60 | Stage 2 | TrainLoss 462.5761 | ValLoss 128.3097 | WR2 0.6868 | R2_total 0.819 | R2_gdm 0.776 | LR 1.01e-06
[2025-11-27 16:50:26] INFO - [Fold 4] ✓ 新的最佳 WR2: 0.6868 (Epoch 59)
[2025-11-27 16:50:29] INFO - [Fold 4] ✓ 新的最佳 Loss: 128.3097 (Epoch 59)
[2025-11-27 17:01:32] INFO - [Fold 4] Epoch 60/60 | Stage 2 | TrainLoss 461.2920 | ValLoss 141.0103 | WR2 0.6624 | R2_total 0.791 | R2_gdm 0.735 | LR 1.00e-06
[2025-11-27 17:01:34] INFO - [Fold 4] ✓ 训练历史已保存: /home/aaa/Kaggle-Series-Competition/CSIRO-Image2Biomass-Prediction/experiments/v4_crosspvt_t2t_mamba/fold_4/metrics.csv
[2025-11-27 17:01:34] INFO - ================================================================================
[2025-11-27 17:01:34] INFO - [Fold 4] 训练完成总结
[2025-11-27 17:01:34] INFO -   总 Epochs: 60
[2025-11-27 17:01:34] INFO -   最佳 WR2: 0.6868
[2025-11-27 17:01:34] INFO -   最佳 Loss: 128.3097
[2025-11-27 17:01:34] INFO -   最终 Epoch 60 指标:
[2025-11-27 17:01:34] INFO -     Train Loss: 461.2920
[2025-11-27 17:01:34] INFO -     Val Loss: 141.0103
[2025-11-27 17:01:34] INFO -     Val WR2: 0.6624
[2025-11-27 17:01:34] INFO -     val_r2_Dry_Green_g: 0.4799
[2025-11-27 17:01:34] INFO -     val_r2_Dry_Dead_g: 0.6992
[2025-11-27 17:01:34] INFO -     val_r2_Dry_Clover_g: 0.0219
[2025-11-27 17:01:34] INFO -     val_r2_GDM_g: 0.7346
[2025-11-27 17:01:34] INFO -     val_r2_Dry_Total_g: 0.7907
[2025-11-27 17:01:34] INFO -   Checkpoints:
[2025-11-27 17:01:34] INFO -     last.pt: /home/aaa/Kaggle-Series-Competition/CSIRO-Image2Biomass-Prediction/experiments/v4_crosspvt_t2t_mamba/fold_4/checkpoints/last.pt
[2025-11-27 17:01:34] INFO -     best_wr2.pt: /home/aaa/Kaggle-Series-Competition/CSIRO-Image2Biomass-Prediction/experiments/v4_crosspvt_t2t_mamba/fold_4/checkpoints/best_wr2.pt
[2025-11-27 17:01:34] INFO -     best_loss.pt: /home/aaa/Kaggle-Series-Competition/CSIRO-Image2Biomass-Prediction/experiments/v4_crosspvt_t2t_mamba/fold_4/checkpoints/best_loss.pt
[2025-11-27 17:01:34] INFO - ================================================================================
[2025-11-27 17:01:37] INFO - [Fold 4] SwanLab run 已结束
[2025-11-27 17:01:37] INFO - ✓ Fold 4 训练完成
[2025-11-27 17:01:38] INFO - ================================================================================
[2025-11-27 17:01:38] INFO - 所有 Folds 训练完成！
[2025-11-27 17:01:38] INFO - ================================================================================
[2025-11-27 17:21:12] INFO - ✅ 使用 DINO 主干: vit_base_patch14_dinov2 | global_pool=token | feat_dim=768 | input_res=518
[2025-11-27 17:21:18] INFO - ✅ 使用 DINO 主干: vit_base_patch14_dinov2 | global_pool=token | feat_dim=768 | input_res=518
[2025-11-27 17:21:23] INFO - ✅ 使用 DINO 主干: vit_base_patch14_dinov2 | global_pool=token | feat_dim=768 | input_res=518
[2025-11-27 17:21:28] INFO - ✅ 使用 DINO 主干: vit_base_patch14_dinov2 | global_pool=token | feat_dim=768 | input_res=518
[2025-11-27 17:21:34] INFO - ✅ 使用 DINO 主干: vit_base_patch14_dinov2 | global_pool=token | feat_dim=768 | input_res=518
[2025-11-27 17:39:37] INFO - ✅ 使用 DINO 主干: vit_base_patch14_dinov2 | global_pool=token | feat_dim=768 | input_res=518
[2025-11-27 17:39:43] INFO - ✅ 使用 DINO 主干: vit_base_patch14_dinov2 | global_pool=token | feat_dim=768 | input_res=518
[2025-11-27 17:39:48] INFO - ✅ 使用 DINO 主干: vit_base_patch14_dinov2 | global_pool=token | feat_dim=768 | input_res=518
[2025-11-27 17:39:55] INFO - ✅ 使用 DINO 主干: vit_base_patch14_dinov2 | global_pool=token | feat_dim=768 | input_res=518
[2025-11-27 17:40:00] INFO - ✅ 使用 DINO 主干: vit_base_patch14_dinov2 | global_pool=token | feat_dim=768 | input_res=518
[2025-11-27 17:40:05] INFO - ✅ 使用 DINO 主干: vit_base_patch14_dinov2 | global_pool=token | feat_dim=768 | input_res=518
[2025-11-27 17:40:10] INFO - ✅ 使用 DINO 主干: vit_base_patch14_dinov2 | global_pool=token | feat_dim=768 | input_res=518
[2025-11-27 17:40:15] INFO - ✅ 使用 DINO 主干: vit_base_patch14_dinov2 | global_pool=token | feat_dim=768 | input_res=518
[2025-11-27 17:40:20] INFO - ✅ 使用 DINO 主干: vit_base_patch14_dinov2 | global_pool=token | feat_dim=768 | input_res=518
[2025-11-27 17:40:25] INFO - ✅ 使用 DINO 主干: vit_base_patch14_dinov2 | global_pool=token | feat_dim=768 | input_res=518
